experiment,x_var,algorithm,batch_size,seq_len,topk,block_size,iters,total_cycles,ns_per_call,elements_per_ns,gbps,spread_pct
cub_sort_topk,64,cub_radix,1,64,64,0,100,0,12329.8,0.005,0.021,1.9
cub_sort_topk,256,cub_radix,1,256,256,0,100,0,12328.2,0.021,0.083,0.2
cub_sort_topk,1024,cub_radix,1,1024,1024,0,100,0,12334.8,0.083,0.332,0.4
cub_sort_topk,2048,cub_radix,1,2048,2048,0,100,0,14363.7,0.143,0.570,0.1
cub_sort_topk,4096,cub_radix,1,4096,2048,0,100,0,14887.0,0.275,1.101,0.3
cub_sort_topk,5824,cub_radix,1,5824,2048,0,100,0,60734.7,0.096,0.384,1.5
block_bitonic_topk,2048,bitonic_merge,1,2048,2048,256,100,271997,1384.3,1.479,5.918,1.1
block_bitonic_topk,4096,bitonic_merge,1,4096,2048,256,100,474150,2413.2,1.697,6.789,0.8
block_bitonic_topk,5824,bitonic_merge,1,5824,2048,256,100,601854,3063.1,1.901,7.605,1.7
radix_select_topk,2048,radix_2pass,1,2048,2048,256,100,5029786,25598.6,0.080,0.320,0.0
radix_select_topk,4096,radix_2pass,1,4096,2048,256,100,4521700,23012.3,0.178,0.712,0.0
radix_select_topk,5824,radix_2pass,1,5824,2048,256,100,4883629,24854.8,0.234,0.937,0.0
batched_cub_sort,1,cub_radix,1,5824,2048,0,100,0,71348.7,0.082,0.327,0.9
batched_cub_sort,4,cub_radix,4,5824,2048,0,100,0,71363.3,0.082,0.326,0.3
batched_cub_sort,8,cub_radix,8,5824,2048,0,100,0,71314.8,0.082,0.327,0.2
batched_cub_sort,16,cub_radix,16,5824,2048,0,100,0,71330.5,0.082,0.327,0.2
batched_cub_sort,31,cub_radix,31,5824,2048,0,100,0,71355.1,0.082,0.326,0.1
