experiment,x_var,config,data_type,dim0,box_dim0,bytes_per_row,bytes_per_gather4,col_steps,num_blocks,pattern,cache_hint,swizzle,total_data_MB,n_outstanding,num_iters,throughput_GBps,avg_latency_ns,net_latency_ns,spread_pct
throughput_box_sweep,box_dim0,sweep,int64,128,8,1024,256,16,76,random,evict_last,none,256,,65536,292.49,14.0,,1.1
throughput_box_sweep,box_dim0,sweep,int64,128,16,1024,512,8,76,random,evict_last,none,256,,65536,334.61,12.2,,1.6
throughput_box_sweep,box_dim0,sweep,int64,128,32,1024,1024,4,76,random,evict_last,none,256,,65536,374.55,10.9,,0.9
throughput_box_sweep,box_dim0,sweep,int64,128,64,1024,2048,2,76,random,evict_last,none,256,,65536,406.49,10.1,,1.1
throughput_box_sweep,box_dim0,sweep,int64,128,128,1024,4096,1,76,random,evict_last,none,256,,65536,408.89,10.0,,0.8
throughput_box_sweep,box_dim0,sweep,bf16,512,32,1024,256,16,76,random,evict_last,none,256,,65536,292.37,14.0,,1.0
throughput_box_sweep,box_dim0,sweep,bf16,512,64,1024,512,8,76,random,evict_last,128B,256,,65536,333.80,12.3,,0.7
throughput_box_sweep,box_dim0,sweep,bf16,512,128,1024,1024,4,76,random,evict_last,none,256,,65536,374.47,10.9,,0.9
throughput_box_sweep,box_dim0,sweep,bf16,512,256,1024,2048,2,76,random,evict_last,none,256,,65536,407.05,10.1,,1.2
throughput_hints_8MB,cache_hint,ckv_int64,int64,128,128,1024,4096,1,76,sequential,evict_last,none,8,,2048,863.32,4.7,,2.6
throughput_hints_8MB,cache_hint,ckv_int64,int64,128,128,1024,4096,1,76,random,evict_last,none,8,,2048,870.99,4.7,,2.7
throughput_hints_8MB,cache_hint,ckv_int64,int64,128,128,1024,4096,1,76,clustered_64,evict_last,none,8,,2048,865.88,4.7,,3.0
throughput_hints_8MB,cache_hint,ckv_int64,int64,128,128,1024,4096,1,76,sequential,evict_first,none,8,,2048,866.19,4.7,,2.3
throughput_hints_8MB,cache_hint,ckv_int64,int64,128,128,1024,4096,1,76,random,evict_first,none,8,,2048,871.30,4.7,,2.3
throughput_hints_8MB,cache_hint,ckv_int64,int64,128,128,1024,4096,1,76,clustered_64,evict_first,none,8,,2048,862.10,4.8,,2.6
throughput_hints_8MB,cache_hint,ckv_int64,int64,128,128,1024,4096,1,76,sequential,evict_normal,none,8,,2048,860.18,4.8,,2.3
throughput_hints_8MB,cache_hint,ckv_int64,int64,128,128,1024,4096,1,76,random,evict_normal,none,8,,2048,866.49,4.7,,2.0
throughput_hints_8MB,cache_hint,ckv_int64,int64,128,128,1024,4096,1,76,clustered_64,evict_normal,none,8,,2048,861.45,4.8,,2.6
throughput_hints_8MB,cache_hint,ckv_int64,int64,128,128,1024,4096,1,76,sequential,none,none,8,,2048,863.35,4.7,,2.6
throughput_hints_8MB,cache_hint,ckv_int64,int64,128,128,1024,4096,1,76,random,none,none,8,,2048,873.56,4.7,,2.3
throughput_hints_8MB,cache_hint,ckv_int64,int64,128,128,1024,4096,1,76,clustered_64,none,none,8,,2048,866.84,4.7,,2.6
throughput_hints_64MB,cache_hint,ckv_int64,int64,128,128,1024,4096,1,76,sequential,evict_last,none,64,,16384,907.77,4.5,,0.4
throughput_hints_64MB,cache_hint,ckv_int64,int64,128,128,1024,4096,1,76,random,evict_last,none,64,,16384,899.77,4.6,,0.3
throughput_hints_64MB,cache_hint,ckv_int64,int64,128,128,1024,4096,1,76,clustered_64,evict_last,none,64,,16384,910.49,4.5,,0.4
throughput_hints_64MB,cache_hint,ckv_int64,int64,128,128,1024,4096,1,76,sequential,evict_first,none,64,,16384,466.99,8.8,,2.4
throughput_hints_64MB,cache_hint,ckv_int64,int64,128,128,1024,4096,1,76,random,evict_first,none,64,,16384,791.95,5.2,,1.9
throughput_hints_64MB,cache_hint,ckv_int64,int64,128,128,1024,4096,1,76,clustered_64,evict_first,none,64,,16384,607.77,6.7,,2.5
throughput_hints_64MB,cache_hint,ckv_int64,int64,128,128,1024,4096,1,76,sequential,evict_normal,none,64,,16384,908.43,4.5,,0.3
throughput_hints_64MB,cache_hint,ckv_int64,int64,128,128,1024,4096,1,76,random,evict_normal,none,64,,16384,899.29,4.6,,0.3
throughput_hints_64MB,cache_hint,ckv_int64,int64,128,128,1024,4096,1,76,clustered_64,evict_normal,none,64,,16384,911.10,4.5,,0.3
throughput_hints_64MB,cache_hint,ckv_int64,int64,128,128,1024,4096,1,76,sequential,none,none,64,,16384,907.90,4.5,,0.3
throughput_hints_64MB,cache_hint,ckv_int64,int64,128,128,1024,4096,1,76,random,none,none,64,,16384,910.88,4.5,,0.3
throughput_hints_64MB,cache_hint,ckv_int64,int64,128,128,1024,4096,1,76,clustered_64,none,none,64,,16384,901.66,4.5,,0.3
throughput_hints_256MB,cache_hint,ckv_int64,int64,128,128,1024,4096,1,76,sequential,evict_last,none,256,,65536,431.27,9.5,,0.9
throughput_hints_256MB,cache_hint,ckv_int64,int64,128,128,1024,4096,1,76,random,evict_last,none,256,,65536,408.84,10.0,,1.4
throughput_hints_256MB,cache_hint,ckv_int64,int64,128,128,1024,4096,1,76,clustered_64,evict_last,none,256,,65536,415.09,9.9,,0.8
throughput_hints_256MB,cache_hint,ckv_int64,int64,128,128,1024,4096,1,76,sequential,evict_first,none,256,,65536,450.16,9.1,,0.7
throughput_hints_256MB,cache_hint,ckv_int64,int64,128,128,1024,4096,1,76,random,evict_first,none,256,,65536,428.51,9.6,,1.0
throughput_hints_256MB,cache_hint,ckv_int64,int64,128,128,1024,4096,1,76,clustered_64,evict_first,none,256,,65536,439.17,9.3,,0.7
throughput_hints_256MB,cache_hint,ckv_int64,int64,128,128,1024,4096,1,76,sequential,evict_normal,none,256,,65536,430.40,9.5,,1.3
throughput_hints_256MB,cache_hint,ckv_int64,int64,128,128,1024,4096,1,76,random,evict_normal,none,256,,65536,408.60,10.0,,0.7
throughput_hints_256MB,cache_hint,ckv_int64,int64,128,128,1024,4096,1,76,clustered_64,evict_normal,none,256,,65536,412.81,9.9,,1.0
throughput_hints_256MB,cache_hint,ckv_int64,int64,128,128,1024,4096,1,76,sequential,none,none,256,,65536,430.22,9.5,,1.0
throughput_hints_256MB,cache_hint,ckv_int64,int64,128,128,1024,4096,1,76,random,none,none,256,,65536,409.27,10.0,,1.4
throughput_hints_256MB,cache_hint,ckv_int64,int64,128,128,1024,4096,1,76,clustered_64,none,none,256,,65536,414.49,9.9,,1.2
throughput_hints_1024MB,cache_hint,ckv_int64,int64,128,128,1024,4096,1,76,sequential,evict_last,none,1024,,262144,435.51,9.4,,0.5
throughput_hints_1024MB,cache_hint,ckv_int64,int64,128,128,1024,4096,1,76,random,evict_last,none,1024,,262144,394.82,10.4,,0.5
throughput_hints_1024MB,cache_hint,ckv_int64,int64,128,128,1024,4096,1,76,clustered_64,evict_last,none,1024,,262144,400.98,10.2,,0.3
throughput_hints_1024MB,cache_hint,ckv_int64,int64,128,128,1024,4096,1,76,sequential,evict_first,none,1024,,262144,452.30,9.1,,0.8
throughput_hints_1024MB,cache_hint,ckv_int64,int64,128,128,1024,4096,1,76,random,evict_first,none,1024,,262144,410.27,10.0,,0.5
throughput_hints_1024MB,cache_hint,ckv_int64,int64,128,128,1024,4096,1,76,clustered_64,evict_first,none,1024,,262144,419.44,9.8,,0.5
throughput_hints_1024MB,cache_hint,ckv_int64,int64,128,128,1024,4096,1,76,sequential,evict_normal,none,1024,,262144,435.50,9.4,,0.4
throughput_hints_1024MB,cache_hint,ckv_int64,int64,128,128,1024,4096,1,76,random,evict_normal,none,1024,,262144,394.73,10.4,,0.5
throughput_hints_1024MB,cache_hint,ckv_int64,int64,128,128,1024,4096,1,76,clustered_64,evict_normal,none,1024,,262144,401.12,10.2,,0.7
throughput_hints_1024MB,cache_hint,ckv_int64,int64,128,128,1024,4096,1,76,sequential,none,none,1024,,262144,434.95,9.4,,0.5
throughput_hints_1024MB,cache_hint,ckv_int64,int64,128,128,1024,4096,1,76,random,none,none,1024,,262144,394.97,10.4,,0.8
throughput_hints_1024MB,cache_hint,ckv_int64,int64,128,128,1024,4096,1,76,clustered_64,none,none,1024,,262144,401.31,10.2,,0.5
throughput_patterns_64MB,pattern,ckv_int64,int64,128,128,1024,4096,1,76,sequential,evict_last,none,64,,16384,907.86,4.5,,0.3
throughput_patterns_64MB,pattern,ckv_int64,int64,128,128,1024,4096,1,76,random,evict_last,none,64,,16384,899.21,4.6,,0.3
throughput_patterns_64MB,pattern,ckv_int64,int64,128,128,1024,4096,1,76,clustered_16,evict_last,none,64,,16384,911.37,4.5,,0.4
throughput_patterns_64MB,pattern,ckv_int64,int64,128,128,1024,4096,1,76,clustered_64,evict_last,none,64,,16384,901.14,4.5,,0.3
throughput_patterns_64MB,pattern,ckv_int64,int64,128,128,1024,4096,1,76,clustered_256,evict_last,none,64,,16384,910.49,4.5,,0.4
throughput_patterns_64MB,pattern,ckv_int64,int64,128,128,1024,4096,1,76,competition_realistic,evict_last,none,64,,16384,898.05,4.6,,0.3
throughput_patterns_256MB,pattern,ckv_int64,int64,128,128,1024,4096,1,76,sequential,evict_last,none,256,,65536,430.01,9.5,,1.2
throughput_patterns_256MB,pattern,ckv_int64,int64,128,128,1024,4096,1,76,random,evict_last,none,256,,65536,409.08,10.0,,1.4
throughput_patterns_256MB,pattern,ckv_int64,int64,128,128,1024,4096,1,76,clustered_16,evict_last,none,256,,65536,418.10,9.8,,0.9
throughput_patterns_256MB,pattern,ckv_int64,int64,128,128,1024,4096,1,76,clustered_64,evict_last,none,256,,65536,413.33,9.9,,1.1
throughput_patterns_256MB,pattern,ckv_int64,int64,128,128,1024,4096,1,76,clustered_256,evict_last,none,256,,65536,411.85,9.9,,0.8
throughput_patterns_256MB,pattern,ckv_int64,int64,128,128,1024,4096,1,76,competition_realistic,evict_last,none,256,,65536,905.04,4.5,,0.1
throughput_patterns_1024MB,pattern,ckv_int64,int64,128,128,1024,4096,1,76,sequential,evict_last,none,1024,,262144,435.35,9.4,,0.7
throughput_patterns_1024MB,pattern,ckv_int64,int64,128,128,1024,4096,1,76,random,evict_last,none,1024,,262144,395.35,10.4,,0.7
throughput_patterns_1024MB,pattern,ckv_int64,int64,128,128,1024,4096,1,76,clustered_16,evict_last,none,1024,,262144,405.29,10.1,,0.6
throughput_patterns_1024MB,pattern,ckv_int64,int64,128,128,1024,4096,1,76,clustered_64,evict_last,none,1024,,262144,401.09,10.2,,0.5
throughput_patterns_1024MB,pattern,ckv_int64,int64,128,128,1024,4096,1,76,clustered_256,evict_last,none,1024,,262144,399.80,10.2,,0.4
throughput_patterns_1024MB,pattern,ckv_int64,int64,128,128,1024,4096,1,76,competition_realistic,evict_last,none,1024,,262144,904.92,4.5,,0.0
throughput_swizzle,swizzle,swizzle_sweep,bf16,64,64,128,512,1,76,random,evict_last,none,256,,524288,54.66,9.4,,0.3
throughput_swizzle,swizzle,swizzle_sweep,bf16,64,64,128,512,1,76,random,evict_last,128B,256,,524288,54.61,9.4,,0.4
throughput_swizzle,swizzle,swizzle_sweep,bf16,512,128,1024,1024,4,76,random,evict_last,none,256,,65536,374.10,10.9,,1.0
throughput_swizzle,swizzle,swizzle_sweep,bf16,512,256,1024,2048,2,76,random,evict_last,none,256,,65536,406.24,10.1,,1.0
throughput_swizzle,swizzle,swizzle_sweep,int64,128,128,1024,4096,1,76,random,evict_last,none,256,,65536,408.96,10.0,,0.8
throughput_l2,total_data_MB,ckv_int64,int64,128,128,1024,4096,1,76,random,evict_last,none,1,,256,631.58,6.5,,10.2
throughput_l2,total_data_MB,ckv_int64,int64,128,128,1024,4096,1,76,random,evict_last,none,2,,512,747.58,5.5,,1.1
throughput_l2,total_data_MB,ckv_int64,int64,128,128,1024,4096,1,76,random,evict_last,none,4,,1024,820.34,5.0,,0.6
throughput_l2,total_data_MB,ckv_int64,int64,128,128,1024,4096,1,76,random,evict_last,none,8,,2048,873.24,4.7,,2.3
throughput_l2,total_data_MB,ckv_int64,int64,128,128,1024,4096,1,76,random,evict_last,none,16,,4096,884.30,4.6,,0.8
throughput_l2,total_data_MB,ckv_int64,int64,128,128,1024,4096,1,76,random,evict_last,none,32,,8192,897.67,4.6,,0.6
throughput_l2,total_data_MB,ckv_int64,int64,128,128,1024,4096,1,76,random,evict_last,none,48,,12288,904.06,4.5,,0.5
throughput_l2,total_data_MB,ckv_int64,int64,128,128,1024,4096,1,76,random,evict_last,none,64,,16384,899.55,4.6,,0.4
throughput_l2,total_data_MB,ckv_int64,int64,128,128,1024,4096,1,76,random,evict_last,none,128,,32768,546.14,7.5,,1.5
throughput_l2,total_data_MB,ckv_int64,int64,128,128,1024,4096,1,76,random,evict_last,none,256,,65536,407.64,10.0,,1.4
throughput_l2,total_data_MB,ckv_int64,int64,128,128,1024,4096,1,76,random,evict_last,none,512,,131072,398.36,10.3,,0.9
throughput_l2,total_data_MB,ckv_int64,int64,128,128,1024,4096,1,76,random,evict_last,none,1024,,262144,395.38,10.4,,0.4
throughput_l2,total_data_MB,ckv_int64,int64,128,128,1024,4096,1,76,random,evict_last,none,2048,,524288,393.58,10.4,,0.2
latency,config,ckv_int64,int64,128,128,1024,4096,1,1,sequential,evict_last,none,1,,1024,18.16,225.5,197.3,0.0
latency,config,ckv_int64,int64,128,128,1024,4096,1,1,random,evict_last,none,256,,1024,18.20,225.1,196.8,0.1
latency,config,ckv_int64,int64,128,128,1024,4096,1,1,random,none,none,256,,1024,18.20,225.0,196.7,0.1
latency,config,ckv_bf16,bf16,512,64,1024,512,8,1,sequential,evict_last,128B,1,,1024,2.35,217.9,189.6,0.1
latency,config,ckv_bf16,bf16,512,64,1024,512,8,1,random,evict_last,128B,256,,1024,2.35,217.8,189.5,0.1
latency,config,kpe_bf16,bf16,64,64,128,512,1,1,sequential,evict_last,none,1,,1024,2.43,210.5,182.2,0.1
latency,config,kpe_bf16,bf16,64,64,128,512,1,1,random,evict_last,none,256,,1024,2.35,217.6,189.4,0.1
pipeline,n_outstanding,ckv_int64,int64,128,128,1024,4096,1,1,random,evict_last,none,256,1,256,18.20,225.0,,0.2
pipeline,n_outstanding,ckv_int64,int64,128,128,1024,4096,1,1,random,evict_last,none,256,2,256,23.82,171.9,,0.1
pipeline,n_outstanding,ckv_int64,int64,128,128,1024,4096,1,1,random,evict_last,none,256,4,256,23.86,171.7,,0.1
pipeline,n_outstanding,ckv_int64,int64,128,128,1024,4096,1,1,random,evict_last,none,256,8,256,23.88,171.5,,0.0
pipeline,n_outstanding,ckv_int64,int64,128,128,1024,4096,1,1,random,evict_last,none,256,16,256,24.21,169.2,,0.0
pipeline,n_outstanding,ckv_int64,int64,128,128,1024,4096,1,1,random,evict_last,none,256,32,256,24.42,167.7,,0.0
throughput_saturation,num_blocks,ckv_int64,int64,128,128,1024,4096,1,1,random,evict_last,none,256,,65536,5.75,712.7,,0.1
throughput_saturation,num_blocks,ckv_int64,int64,128,128,1024,4096,1,2,random,evict_last,none,256,,65536,11.49,356.4,,0.1
throughput_saturation,num_blocks,ckv_int64,int64,128,128,1024,4096,1,4,random,evict_last,none,256,,65536,22.97,178.4,,0.2
throughput_saturation,num_blocks,ckv_int64,int64,128,128,1024,4096,1,8,random,evict_last,none,256,,65536,45.90,89.2,,0.2
throughput_saturation,num_blocks,ckv_int64,int64,128,128,1024,4096,1,16,random,evict_last,none,256,,65536,89.75,45.6,,0.5
throughput_saturation,num_blocks,ckv_int64,int64,128,128,1024,4096,1,32,random,evict_last,none,256,,65536,176.93,23.2,,0.4
throughput_saturation,num_blocks,ckv_int64,int64,128,128,1024,4096,1,48,random,evict_last,none,256,,65536,262.28,15.6,,0.8
throughput_saturation,num_blocks,ckv_int64,int64,128,128,1024,4096,1,64,random,evict_last,none,256,,65536,348.44,11.8,,1.1
throughput_saturation,num_blocks,ckv_int64,int64,128,128,1024,4096,1,76,random,evict_last,none,256,,65536,409.43,10.0,,0.7
throughput_saturation,num_blocks,ckv_int64,int64,128,128,1024,4096,1,96,random,evict_last,none,256,,65536,517.79,7.9,,0.7
throughput_saturation,num_blocks,ckv_int64,int64,128,128,1024,4096,1,114,random,evict_last,none,256,,65536,602.15,6.8,,1.2
throughput_saturation,num_blocks,ckv_int64,int64,128,128,1024,4096,1,128,random,evict_last,none,256,,65536,689.87,5.9,,0.9
throughput_saturation,num_blocks,ckv_int64,int64,128,128,1024,4096,1,144,random,evict_last,none,256,,65536,754.81,5.4,,1.2
throughput_saturation,num_blocks,ckv_int64,int64,128,128,1024,4096,1,152,random,evict_last,none,256,,65536,795.85,5.1,,1.2
