experiment,config,data_type,dim0,box_dim0,bytes_per_row,bytes_per_gather4,col_steps,num_blocks,pattern,cache_hint,swizzle,total_data_MB,n_outstanding,num_iters,throughput_GBps,avg_latency_ns,net_latency_ns,spread_pct
throughput,sweep,int64,128,8,1024,256,16,76,random,evict_last,none,256,,65536,293.42,14.0,,0.5
throughput,sweep,int64,128,16,1024,512,8,76,random,evict_last,none,256,,65536,334.54,12.2,,0.9
throughput,sweep,int64,128,32,1024,1024,4,76,random,evict_last,none,256,,65536,376.26,10.9,,1.0
throughput,sweep,int64,128,64,1024,2048,2,76,random,evict_last,none,256,,65536,408.89,10.0,,1.1
throughput,sweep,int64,128,128,1024,4096,1,76,random,evict_last,none,256,,65536,410.06,10.0,,1.5
throughput,sweep,bf16,512,32,1024,256,16,76,random,evict_last,none,256,,65536,293.41,14.0,,0.6
throughput,sweep,bf16,512,64,1024,512,8,76,random,evict_last,128B,256,,65536,333.83,12.3,,0.7
throughput,sweep,bf16,512,128,1024,1024,4,76,random,evict_last,none,256,,65536,376.30,10.9,,0.9
throughput,sweep,bf16,512,256,1024,2048,2,76,random,evict_last,none,256,,65536,408.13,10.0,,1.0
throughput,ckv_int64,int64,128,128,1024,4096,1,76,sequential,evict_last,none,8,,2048,867.13,4.7,,2.3
throughput,ckv_int64,int64,128,128,1024,4096,1,76,sequential,evict_last,none,64,,16384,902.09,4.5,,0.2
throughput,ckv_int64,int64,128,128,1024,4096,1,76,sequential,evict_last,none,256,,65536,431.07,9.5,,0.9
throughput,ckv_int64,int64,128,128,1024,4096,1,76,sequential,evict_last,none,1024,,262144,436.19,9.4,,0.7
throughput,ckv_int64,int64,128,128,1024,4096,1,76,random,evict_last,none,8,,2048,882.42,4.6,,2.7
throughput,ckv_int64,int64,128,128,1024,4096,1,76,random,evict_last,none,64,,16384,905.12,4.5,,0.2
throughput,ckv_int64,int64,128,128,1024,4096,1,76,random,evict_last,none,256,,65536,410.58,10.0,,1.4
throughput,ckv_int64,int64,128,128,1024,4096,1,76,random,evict_last,none,1024,,262144,395.94,10.3,,0.5
throughput,ckv_int64,int64,128,128,1024,4096,1,76,clustered_64,evict_last,none,8,,2048,878.77,4.7,,2.3
throughput,ckv_int64,int64,128,128,1024,4096,1,76,clustered_64,evict_last,none,64,,16384,904.38,4.5,,0.3
throughput,ckv_int64,int64,128,128,1024,4096,1,76,clustered_64,evict_last,none,256,,65536,415.83,9.9,,1.2
throughput,ckv_int64,int64,128,128,1024,4096,1,76,clustered_64,evict_last,none,1024,,262144,402.08,10.2,,0.3
throughput,ckv_int64,int64,128,128,1024,4096,1,76,sequential,evict_first,none,8,,2048,857.19,4.8,,36.3
throughput,ckv_int64,int64,128,128,1024,4096,1,76,sequential,evict_first,none,64,,16384,464.54,8.8,,2.2
throughput,ckv_int64,int64,128,128,1024,4096,1,76,sequential,evict_first,none,256,,65536,449.00,9.1,,1.3
throughput,ckv_int64,int64,128,128,1024,4096,1,76,sequential,evict_first,none,1024,,262144,454.28,9.0,,0.4
throughput,ckv_int64,int64,128,128,1024,4096,1,76,random,evict_first,none,8,,2048,880.76,4.7,,2.7
throughput,ckv_int64,int64,128,128,1024,4096,1,76,random,evict_first,none,64,,16384,617.44,6.6,,0.9
throughput,ckv_int64,int64,128,128,1024,4096,1,76,random,evict_first,none,256,,65536,425.22,9.6,,0.7
throughput,ckv_int64,int64,128,128,1024,4096,1,76,random,evict_first,none,1024,,262144,410.44,10.0,,0.5
throughput,ckv_int64,int64,128,128,1024,4096,1,76,clustered_64,evict_first,none,8,,2048,879.12,4.7,,2.7
throughput,ckv_int64,int64,128,128,1024,4096,1,76,clustered_64,evict_first,none,64,,16384,667.01,6.1,,2.6
throughput,ckv_int64,int64,128,128,1024,4096,1,76,clustered_64,evict_first,none,256,,65536,442.48,9.3,,1.2
throughput,ckv_int64,int64,128,128,1024,4096,1,76,clustered_64,evict_first,none,1024,,262144,420.27,9.7,,0.6

throughput,ckv_int64,int64,128,128,1024,4096,1,76,sequential,evict_normal,none,8,,2048,878.47,4.7,,3.0
throughput,ckv_int64,int64,128,128,1024,4096,1,76,sequential,evict_normal,none,64,,16384,902.17,4.5,,0.2
throughput,ckv_int64,int64,128,128,1024,4096,1,76,sequential,evict_normal,none,256,,65536,430.76,9.5,,1.0
throughput,ckv_int64,int64,128,128,1024,4096,1,76,sequential,evict_normal,none,1024,,262144,436.12,9.4,,0.4
throughput,ckv_int64,int64,128,128,1024,4096,1,76,random,evict_normal,none,8,,2048,882.42,4.6,,2.7
throughput,ckv_int64,int64,128,128,1024,4096,1,76,random,evict_normal,none,64,,16384,904.90,4.5,,0.3
throughput,ckv_int64,int64,128,128,1024,4096,1,76,random,evict_normal,none,256,,65536,410.92,10.0,,0.5
throughput,ckv_int64,int64,128,128,1024,4096,1,76,random,evict_normal,none,1024,,262144,396.15,10.3,,0.5
throughput,ckv_int64,int64,128,128,1024,4096,1,76,clustered_64,evict_normal,none,8,,2048,878.76,4.7,,2.7
throughput,ckv_int64,int64,128,128,1024,4096,1,76,clustered_64,evict_normal,none,64,,16384,904.42,4.5,,0.3
throughput,ckv_int64,int64,128,128,1024,4096,1,76,clustered_64,evict_normal,none,256,,65536,414.96,9.9,,0.6
throughput,ckv_int64,int64,128,128,1024,4096,1,76,clustered_64,evict_normal,none,1024,,262144,401.78,10.2,,0.5
throughput,ckv_int64,int64,128,128,1024,4096,1,76,sequential,none,none,8,,2048,879.45,4.7,,3.0
throughput,ckv_int64,int64,128,128,1024,4096,1,76,sequential,none,none,64,,16384,902.35,4.5,,0.2
throughput,ckv_int64,int64,128,128,1024,4096,1,76,sequential,none,none,256,,65536,430.47,9.5,,0.9
throughput,ckv_int64,int64,128,128,1024,4096,1,76,sequential,none,none,1024,,262144,436.80,9.4,,0.4
throughput,ckv_int64,int64,128,128,1024,4096,1,76,random,none,none,8,,2048,881.74,4.6,,2.4
throughput,ckv_int64,int64,128,128,1024,4096,1,76,random,none,none,64,,16384,904.60,4.5,,0.3
throughput,ckv_int64,int64,128,128,1024,4096,1,76,random,none,none,256,,65536,410.62,10.0,,0.7
throughput,ckv_int64,int64,128,128,1024,4096,1,76,random,none,none,1024,,262144,395.83,10.3,,0.5
throughput,ckv_int64,int64,128,128,1024,4096,1,76,clustered_64,none,none,8,,2048,879.76,4.7,,2.7
throughput,ckv_int64,int64,128,128,1024,4096,1,76,clustered_64,none,none,64,,16384,904.64,4.5,,0.3
throughput,ckv_int64,int64,128,128,1024,4096,1,76,clustered_64,none,none,256,,65536,415.70,9.9,,1.2
throughput,ckv_int64,int64,128,128,1024,4096,1,76,clustered_64,none,none,1024,,262144,402.20,10.2,,0.4
throughput,ckv_int64,int64,128,128,1024,4096,1,76,sequential,evict_last,none,64,,16384,902.30,4.5,,0.2
throughput,ckv_int64,int64,128,128,1024,4096,1,76,sequential,evict_last,none,256,,65536,430.71,9.5,,1.1
throughput,ckv_int64,int64,128,128,1024,4096,1,76,sequential,evict_last,none,1024,,262144,436.01,9.4,,0.2
throughput,ckv_int64,int64,128,128,1024,4096,1,76,random,evict_last,none,64,,16384,904.73,4.5,,0.2
throughput,ckv_int64,int64,128,128,1024,4096,1,76,random,evict_last,none,256,,65536,410.47,10.0,,0.8
throughput,ckv_int64,int64,128,128,1024,4096,1,76,random,evict_last,none,1024,,262144,395.90,10.3,,0.7
throughput,ckv_int64,int64,128,128,1024,4096,1,76,clustered_16,evict_last,none,64,,16384,906.03,4.5,,0.1
throughput,ckv_int64,int64,128,128,1024,4096,1,76,clustered_16,evict_last,none,256,,65536,420.11,9.7,,1.1
throughput,ckv_int64,int64,128,128,1024,4096,1,76,clustered_16,evict_last,none,1024,,262144,405.39,10.1,,0.3
throughput,ckv_int64,int64,128,128,1024,4096,1,76,clustered_64,evict_last,none,64,,16384,904.34,4.5,,0.3
throughput,ckv_int64,int64,128,128,1024,4096,1,76,clustered_64,evict_last,none,256,,65536,416.23,9.8,,0.7
throughput,ckv_int64,int64,128,128,1024,4096,1,76,clustered_64,evict_last,none,1024,,262144,402.55,10.2,,0.5
throughput,ckv_int64,int64,128,128,1024,4096,1,76,clustered_256,evict_last,none,64,,16384,904.12,4.5,,0.2
throughput,ckv_int64,int64,128,128,1024,4096,1,76,clustered_256,evict_last,none,256,,65536,412.81,9.9,,0.8
throughput,ckv_int64,int64,128,128,1024,4096,1,76,clustered_256,evict_last,none,1024,,262144,400.23,10.2,,0.5
throughput,ckv_int64,int64,128,128,1024,4096,1,76,competition_realistic,evict_last,none,64,,16384,905.33,4.5,,0.3
throughput,ckv_int64,int64,128,128,1024,4096,1,76,competition_realistic,evict_last,none,256,,65536,909.70,4.5,,0.1
throughput,ckv_int64,int64,128,128,1024,4096,1,76,competition_realistic,evict_last,none,1024,,262144,904.32,4.5,,0.0
throughput,swizzle_sweep,bf16,64,64,128,512,1,76,random,evict_last,none,256,,524288,54.45,9.4,,0.4
throughput,swizzle_sweep,bf16,64,64,128,512,1,76,random,evict_last,128B,256,,524288,54.50,9.4,,0.2
throughput,swizzle_sweep,bf16,512,128,1024,1024,4,76,random,evict_last,none,256,,65536,376.57,10.9,,0.7
throughput,swizzle_sweep,bf16,512,256,1024,2048,2,76,random,evict_last,none,256,,65536,408.86,10.0,,0.6
throughput,swizzle_sweep,int64,128,128,1024,4096,1,76,random,evict_last,none,256,,65536,410.90,10.0,,1.4
throughput,ckv_int64,int64,128,128,1024,4096,1,76,random,evict_last,none,1,,256,629.09,6.5,,14.4
throughput,ckv_int64,int64,128,128,1024,4096,1,76,random,evict_last,none,2,,512,772.06,5.3,,2.4
throughput,ckv_int64,int64,128,128,1024,4096,1,76,random,evict_last,none,4,,1024,811.32,5.0,,1.2
throughput,ckv_int64,int64,128,128,1024,4096,1,76,random,evict_last,none,8,,2048,883.39,4.6,,2.3
throughput,ckv_int64,int64,128,128,1024,4096,1,76,random,evict_last,none,16,,4096,888.32,4.6,,1.5
throughput,ckv_int64,int64,128,128,1024,4096,1,76,random,evict_last,none,32,,8192,898.36,4.6,,0.7
throughput,ckv_int64,int64,128,128,1024,4096,1,76,random,evict_last,none,48,,12288,903.60,4.5,,0.3
throughput,ckv_int64,int64,128,128,1024,4096,1,76,random,evict_last,none,64,,16384,898.69,4.6,,0.2
throughput,ckv_int64,int64,128,128,1024,4096,1,76,random,evict_last,none,128,,32768,552.21,7.4,,1.5
throughput,ckv_int64,int64,128,128,1024,4096,1,76,random,evict_last,none,256,,65536,409.27,10.0,,0.6
throughput,ckv_int64,int64,128,128,1024,4096,1,76,random,evict_last,none,512,,131072,399.41,10.3,,0.6
throughput,ckv_int64,int64,128,128,1024,4096,1,76,random,evict_last,none,1024,,262144,395.94,10.3,,0.4
throughput,ckv_int64,int64,128,128,1024,4096,1,76,random,evict_last,none,2048,,524288,393.93,10.4,,0.3
latency,ckv_int64,int64,128,128,1024,4096,1,1,sequential,evict_last,none,1,,1024,18.41,222.5,194.2,0.1
latency,ckv_int64,int64,128,128,1024,4096,1,1,random,evict_last,none,256,,1024,18.42,222.4,194.1,0.1
latency,ckv_int64,int64,128,128,1024,4096,1,1,random,none,none,256,,1024,18.42,222.4,194.1,0.1
latency,ckv_bf16,bf16,512,64,1024,512,8,1,sequential,evict_last,128B,1,,1024,2.37,215.6,187.3,0.1
latency,ckv_bf16,bf16,512,64,1024,512,8,1,random,evict_last,128B,256,,1024,2.37,215.8,187.5,0.0
latency,kpe_bf16,bf16,64,64,128,512,1,1,sequential,evict_last,none,1,,1024,2.46,208.3,180.1,0.1
latency,kpe_bf16,bf16,64,64,128,512,1,1,random,evict_last,none,256,,1024,2.37,215.7,187.5,0.1
pipeline,ckv_int64,int64,128,128,1024,4096,1,1,random,evict_last,none,256,1,256,18.52,221.2,,0.1
pipeline,ckv_int64,int64,128,128,1024,4096,1,1,random,evict_last,none,256,2,256,23.96,170.9,,0.1
pipeline,ckv_int64,int64,128,128,1024,4096,1,1,random,evict_last,none,256,4,256,23.98,170.8,,0.1
pipeline,ckv_int64,int64,128,128,1024,4096,1,1,random,evict_last,none,256,8,256,24.08,170.1,,0.1
pipeline,ckv_int64,int64,128,128,1024,4096,1,1,random,evict_last,none,256,16,256,24.37,168.0,,0.0
pipeline,ckv_int64,int64,128,128,1024,4096,1,1,random,evict_last,none,256,32,256,24.58,166.6,,0.0
throughput,ckv_int64,int64,128,128,1024,4096,1,1,random,evict_last,none,256,,65536,5.79,707.5,,0.1
throughput,ckv_int64,int64,128,128,1024,4096,1,2,random,evict_last,none,256,,65536,11.58,353.9,,0.1
throughput,ckv_int64,int64,128,128,1024,4096,1,4,random,evict_last,none,256,,65536,23.10,177.3,,0.1
throughput,ckv_int64,int64,128,128,1024,4096,1,8,random,evict_last,none,256,,65536,46.08,88.9,,0.3
throughput,ckv_int64,int64,128,128,1024,4096,1,16,random,evict_last,none,256,,65536,90.04,45.5,,0.4
throughput,ckv_int64,int64,128,128,1024,4096,1,32,random,evict_last,none,256,,65536,177.31,23.1,,0.5
throughput,ckv_int64,int64,128,128,1024,4096,1,48,random,evict_last,none,256,,65536,261.15,15.7,,0.7
throughput,ckv_int64,int64,128,128,1024,4096,1,64,random,evict_last,none,256,,65536,350.94,11.7,,0.5
throughput,ckv_int64,int64,128,128,1024,4096,1,76,random,evict_last,none,256,,65536,410.72,10.0,,0.9
throughput,ckv_int64,int64,128,128,1024,4096,1,96,random,evict_last,none,256,,65536,520.03,7.9,,1.1
throughput,ckv_int64,int64,128,128,1024,4096,1,114,random,evict_last,none,256,,65536,601.88,6.8,,1.6
throughput,ckv_int64,int64,128,128,1024,4096,1,128,random,evict_last,none,256,,65536,690.37,5.9,,1.0
throughput,ckv_int64,int64,128,128,1024,4096,1,144,random,evict_last,none,256,,65536,758.23,5.4,,0.9
throughput,ckv_int64,int64,128,128,1024,4096,1,152,random,evict_last,none,256,,65536,794.84,5.2,,1.0