experiment,x_var,hint,working_set_MB,threads,loads_per_thread,iters,total_cycles,cycles_per_load,ns_per_load,gbps,spread_pct
ldg_throughput,ef_en_128B,ef_en_128B,256.0,32,1,10000,19183.0,0.06,0.03,1049.180,6.1
ldg_throughput,en_en_128B,en_en_128B,256.0,32,1,10000,19182.3,0.06,0.03,1049.180,0.1
ldg_throughput,el_en_128B,el_en_128B,256.0,32,1,10000,19182.6,0.06,0.03,1049.180,0.0
ldg_throughput,eu_en_128B,eu_en_128B,256.0,32,1,10000,19181.4,0.06,0.03,1047.654,0.0
ldg_throughput,na_en_128B,na_en_128B,256.0,32,1,10000,19158.2,0.06,0.03,1049.563,0.0
ldg_throughput,en_ef_128B,en_ef_128B,256.0,32,1,10000,19182.1,0.06,0.03,1049.563,0.0
ldg_throughput,en_el_128B,en_el_128B,256.0,32,1,10000,19182.2,0.06,0.03,1045.372,1.5
ldg_throughput,na_ef_64B,na_ef_64B,256.0,32,1,10000,19158.0,0.06,0.03,1050.711,0.0
ldg_throughput,na_ef_128B,na_ef_128B,256.0,32,1,10000,19157.9,0.06,0.03,1050.328,0.0
ldg_throughput,na_ef_256B,na_ef_256B,256.0,32,1,10000,19159.1,0.06,0.03,1051.095,0.0
ldg_throughput,nc_ef_en_128B,nc_ef_en_128B,256.0,32,1,10000,19182.1,0.06,0.03,1049.180,0.0
ldg_throughput,nc_en_en_128B,nc_en_en_128B,256.0,32,1,10000,19182.6,0.06,0.03,1049.180,0.1
ldg_throughput,nc_el_en_128B,nc_el_en_128B,256.0,32,1,10000,19181.9,0.06,0.03,1049.180,0.0
ldg_throughput,nc_na_ef_128B,nc_na_ef_128B,256.0,32,1,10000,19158.8,0.06,0.03,1049.563,0.0
ldg_throughput,nc_na_ef_64B,nc_na_ef_64B,256.0,32,1,10000,19158.2,0.06,0.03,1049.563,0.1
ldg_throughput,nc_na_ef_256B,nc_na_ef_256B,256.0,32,1,10000,19157.8,0.06,0.03,1051.095,0.0
ldg_throughput,el_ef_128B,el_ef_128B,256.0,32,1,10000,19182.6,0.06,0.03,1049.180,0.1
ldg_throughput,na_el_128B,na_el_128B,256.0,32,1,10000,19158.3,0.06,0.03,1050.328,0.0
ldg_competition,en_en_128B,en_en_128B,16.5,32,8,2000,20545.0,0.04,0.02,1568.414,2.1
ldg_competition,na_ef_128B,na_ef_128B,16.5,32,8,2000,20548.4,0.04,0.02,1563.624,0.5
ldg_competition,na_ef_64B,na_ef_64B,16.5,32,8,2000,20550.0,0.04,0.02,1566.814,0.4
ldg_competition,na_ef_256B,na_ef_256B,16.5,32,8,2000,20548.9,0.04,0.02,1567.347,0.4
ldg_competition,ef_en_128B,ef_en_128B,16.5,32,8,2000,20545.1,0.04,0.02,1566.814,0.5
ldg_competition,el_ef_128B,el_ef_128B,16.5,32,8,2000,20545.4,0.04,0.02,1566.281,0.5
ldg_competition,nc_en_en_128B,nc_en_en_128B,16.5,32,8,2000,20547.0,0.04,0.02,1566.814,0.4
ldg_competition,nc_na_ef_128B,nc_na_ef_128B,16.5,32,8,2000,20550.4,0.04,0.02,1565.749,0.5
ldg_competition,nc_na_ef_64B,nc_na_ef_64B,16.5,32,8,2000,20550.2,0.04,0.02,1567.347,0.4
ldg_competition,nc_na_ef_256B,nc_na_ef_256B,16.5,32,8,2000,20549.7,0.04,0.02,1565.217,0.5
ldg_latency,8KB_en_en_128B,en_en_128B,0.0,1,1,20000,4013607.9,200.68,102.14,0.313,0.0
ldg_latency,8KB_na_ef_128B,na_ef_128B,0.0,1,1,20000,8875172.2,443.76,225.87,0.142,0.0
ldg_latency,8KB_ef_en_128B,ef_en_128B,0.0,1,1,20000,4013610.3,200.68,102.14,0.313,0.0
ldg_latency,8KB_el_en_128B,el_en_128B,0.0,1,1,20000,4013610.7,200.68,102.15,0.313,0.0
ldg_latency,8KB_nc_en_en_128B,nc_en_en_128B,0.0,1,1,20000,4013604.2,200.68,102.14,0.313,0.0
ldg_latency,8KB_nc_na_ef_128B,nc_na_ef_128B,0.0,1,1,20000,8875450.1,443.77,225.86,0.142,0.0
ldg_latency,256KB_en_en_128B,en_en_128B,0.2,1,1,10000,4270995.1,427.10,217.37,0.147,8.2
ldg_latency,256KB_na_ef_128B,na_ef_128B,0.2,1,1,10000,4420394.9,442.04,224.96,0.142,0.0
ldg_latency,256KB_ef_en_128B,ef_en_128B,0.2,1,1,10000,4167963.0,416.80,212.12,0.151,0.2
ldg_latency,256KB_el_en_128B,el_en_128B,0.2,1,1,10000,4299878.7,429.99,218.86,0.146,0.2
ldg_latency,256KB_nc_en_en_128B,nc_en_en_128B,0.2,1,1,10000,4270606.4,427.06,217.36,0.147,0.3
ldg_latency,256KB_nc_na_ef_128B,nc_na_ef_128B,0.2,1,1,10000,4420423.6,442.04,224.98,0.142,0.0
ldg_latency,4MB_en_en_128B,en_en_128B,4.0,1,1,5000,2208847.9,441.77,224.84,0.142,39.9
ldg_latency,4MB_na_ef_128B,na_ef_128B,4.0,1,1,5000,2208334.6,441.67,224.78,0.142,0.0
ldg_latency,4MB_ef_en_128B,ef_en_128B,4.0,1,1,5000,2208916.9,441.78,224.84,0.142,0.0
ldg_latency,4MB_el_en_128B,el_en_128B,4.0,1,1,5000,2208850.8,441.77,224.85,0.142,0.0
ldg_latency,4MB_nc_en_en_128B,nc_en_en_128B,4.0,1,1,5000,2208964.2,441.79,224.84,0.142,0.0
ldg_latency,4MB_nc_na_ef_128B,nc_na_ef_128B,4.0,1,1,5000,2208323.8,441.66,224.78,0.142,0.0
ldg_latency,256MB_en_en_128B,en_en_128B,256.0,1,1,2000,883725.3,441.86,224.89,0.142,87.9
ldg_latency,256MB_na_ef_128B,na_ef_128B,256.0,1,1,2000,883055.9,441.53,224.73,0.142,0.1
ldg_latency,256MB_ef_en_128B,ef_en_128B,256.0,1,1,2000,883625.2,441.81,224.87,0.142,0.1
ldg_latency,256MB_el_en_128B,el_en_128B,256.0,1,1,2000,883704.9,441.85,224.89,0.142,0.0
ldg_latency,256MB_nc_en_en_128B,nc_en_en_128B,256.0,1,1,2000,883741.4,441.87,224.88,0.142,0.0
ldg_latency,256MB_nc_na_ef_128B,nc_na_ef_128B,256.0,1,1,2000,883048.6,441.52,224.71,0.142,0.1
experiment,x_var,hint,working_set_MB,threads,loads_per_thread,iters,total_cycles,cycles_per_load,ns_per_load,gbps,spread_pct
ldg_throughput,ef_en_128B,ef_en_128B,256.0,32,1,10000,19183.0,0.06,0.03,1049.180,6.1
ldg_throughput,en_en_128B,en_en_128B,256.0,32,1,10000,19182.3,0.06,0.03,1049.180,0.1
ldg_throughput,el_en_128B,el_en_128B,256.0,32,1,10000,19182.6,0.06,0.03,1049.180,0.0
ldg_throughput,eu_en_128B,eu_en_128B,256.0,32,1,10000,19181.4,0.06,0.03,1047.654,0.0
ldg_throughput,na_en_128B,na_en_128B,256.0,32,1,10000,19158.2,0.06,0.03,1049.563,0.0
ldg_throughput,en_ef_128B,en_ef_128B,256.0,32,1,10000,19182.1,0.06,0.03,1049.563,0.0
ldg_throughput,en_el_128B,en_el_128B,256.0,32,1,10000,19182.2,0.06,0.03,1045.372,1.5
ldg_throughput,na_ef_64B,na_ef_64B,256.0,32,1,10000,19158.0,0.06,0.03,1050.711,0.0
ldg_throughput,na_ef_128B,na_ef_128B,256.0,32,1,10000,19157.9,0.06,0.03,1050.328,0.0
ldg_throughput,na_ef_256B,na_ef_256B,256.0,32,1,10000,19159.1,0.06,0.03,1051.095,0.0
ldg_throughput,nc_ef_en_128B,nc_ef_en_128B,256.0,32,1,10000,19182.1,0.06,0.03,1049.180,0.0
ldg_throughput,nc_en_en_128B,nc_en_en_128B,256.0,32,1,10000,19182.6,0.06,0.03,1049.180,0.1
ldg_throughput,nc_el_en_128B,nc_el_en_128B,256.0,32,1,10000,19181.9,0.06,0.03,1049.180,0.0
ldg_throughput,nc_na_ef_128B,nc_na_ef_128B,256.0,32,1,10000,19158.8,0.06,0.03,1049.563,0.0
ldg_throughput,nc_na_ef_64B,nc_na_ef_64B,256.0,32,1,10000,19158.2,0.06,0.03,1049.563,0.1
ldg_throughput,nc_na_ef_256B,nc_na_ef_256B,256.0,32,1,10000,19157.8,0.06,0.03,1051.095,0.0
ldg_throughput,el_ef_128B,el_ef_128B,256.0,32,1,10000,19182.6,0.06,0.03,1049.180,0.1
ldg_throughput,na_el_128B,na_el_128B,256.0,32,1,10000,19158.3,0.06,0.03,1050.328,0.0
ldg_competition,en_en_128B,en_en_128B,16.5,32,8,2000,20545.0,0.04,0.02,1568.414,2.1
ldg_competition,na_ef_128B,na_ef_128B,16.5,32,8,2000,20548.4,0.04,0.02,1563.624,0.5
ldg_competition,na_ef_64B,na_ef_64B,16.5,32,8,2000,20550.0,0.04,0.02,1566.814,0.4
ldg_competition,na_ef_256B,na_ef_256B,16.5,32,8,2000,20548.9,0.04,0.02,1567.347,0.4
ldg_competition,ef_en_128B,ef_en_128B,16.5,32,8,2000,20545.1,0.04,0.02,1566.814,0.5
ldg_competition,el_ef_128B,el_ef_128B,16.5,32,8,2000,20545.4,0.04,0.02,1566.281,0.5
ldg_competition,nc_en_en_128B,nc_en_en_128B,16.5,32,8,2000,20547.0,0.04,0.02,1566.814,0.4
ldg_competition,nc_na_ef_128B,nc_na_ef_128B,16.5,32,8,2000,20550.4,0.04,0.02,1565.749,0.5
ldg_competition,nc_na_ef_64B,nc_na_ef_64B,16.5,32,8,2000,20550.2,0.04,0.02,1567.347,0.4
ldg_competition,nc_na_ef_256B,nc_na_ef_256B,16.5,32,8,2000,20549.7,0.04,0.02,1565.217,0.5
ldg_latency,8KB_en_en_128B,en_en_128B,0.0,1,1,20000,4013607.9,200.68,102.14,0.313,0.0
ldg_latency,8KB_na_ef_128B,na_ef_128B,0.0,1,1,20000,8875172.2,443.76,225.87,0.142,0.0
ldg_latency,8KB_ef_en_128B,ef_en_128B,0.0,1,1,20000,4013610.3,200.68,102.14,0.313,0.0
ldg_latency,8KB_el_en_128B,el_en_128B,0.0,1,1,20000,4013610.7,200.68,102.15,0.313,0.0
ldg_latency,8KB_nc_en_en_128B,nc_en_en_128B,0.0,1,1,20000,4013604.2,200.68,102.14,0.313,0.0
ldg_latency,8KB_nc_na_ef_128B,nc_na_ef_128B,0.0,1,1,20000,8875450.1,443.77,225.86,0.142,0.0
ldg_latency,256KB_en_en_128B,en_en_128B,0.2,1,1,10000,4270995.1,427.10,217.37,0.147,8.2
ldg_latency,256KB_na_ef_128B,na_ef_128B,0.2,1,1,10000,4420394.9,442.04,224.96,0.142,0.0
ldg_latency,256KB_ef_en_128B,ef_en_128B,0.2,1,1,10000,4167963.0,416.80,212.12,0.151,0.2
ldg_latency,256KB_el_en_128B,el_en_128B,0.2,1,1,10000,4299878.7,429.99,218.86,0.146,0.2
ldg_latency,256KB_nc_en_en_128B,nc_en_en_128B,0.2,1,1,10000,4270606.4,427.06,217.36,0.147,0.3
ldg_latency,256KB_nc_na_ef_128B,nc_na_ef_128B,0.2,1,1,10000,4420423.6,442.04,224.98,0.142,0.0
ldg_latency,4MB_en_en_128B,en_en_128B,4.0,1,1,5000,2208847.9,441.77,224.84,0.142,39.9
ldg_latency,4MB_na_ef_128B,na_ef_128B,4.0,1,1,5000,2208334.6,441.67,224.78,0.142,0.0
ldg_latency,4MB_ef_en_128B,ef_en_128B,4.0,1,1,5000,2208916.9,441.78,224.84,0.142,0.0
ldg_latency,4MB_el_en_128B,el_en_128B,4.0,1,1,5000,2208850.8,441.77,224.85,0.142,0.0
ldg_latency,4MB_nc_en_en_128B,nc_en_en_128B,4.0,1,1,5000,2208964.2,441.79,224.84,0.142,0.0
ldg_latency,4MB_nc_na_ef_128B,nc_na_ef_128B,4.0,1,1,5000,2208323.8,441.66,224.78,0.142,0.0
ldg_latency,256MB_en_en_128B,en_en_128B,256.0,1,1,2000,883725.3,441.86,224.89,0.142,87.9
ldg_latency,256MB_na_ef_128B,na_ef_128B,256.0,1,1,2000,883055.9,441.53,224.73,0.142,0.1
ldg_latency,256MB_ef_en_128B,ef_en_128B,256.0,1,1,2000,883625.2,441.81,224.87,0.142,0.1
ldg_latency,256MB_el_en_128B,el_en_128B,256.0,1,1,2000,883704.9,441.85,224.89,0.142,0.0
ldg_latency,256MB_nc_en_en_128B,nc_en_en_128B,256.0,1,1,2000,883741.4,441.87,224.88,0.142,0.0
ldg_latency,256MB_nc_na_ef_128B,nc_na_ef_128B,256.0,1,1,2000,883048.6,441.52,224.71,0.142,0.1
