experiment,x_var,M,N,k_depth,mode,swizzle,iters,total_cycles,cycles_per_gemm,cycles_per_ktile,ns_per_gemm,tflops,spread_pct
utcmma_latency_ts,64x64,64,64,1,ws_ts,SW32,10000,544602,54.5,54.46,29.5,4.441,0.0
utcmma_latency_ts,64x128,64,128,1,ws_ts,SW32,10000,544602,54.5,54.46,29.5,8.882,0.0
utcmma_latency_ts,64x256,64,256,1,ws_ts,SW32,10000,760101,76.0,76.01,41.2,12.727,0.0
utcmma_latency_ts,128x128,128,128,1,ws_ts,SW32,10000,740101,74.0,74.01,40.1,13.071,0.0
utcmma_latency_ts,128x256,128,256,1,ws_ts,SW32,10000,1380101,138.0,138.01,74.8,14.018,0.0
utcmma_kdepth_ts,1,64,128,1,ws_ts,SW32,1000,54649,54.6,54.65,29.5,8.895,0.1
utcmma_kdepth_ts,2,64,128,2,ws_ts,SW64,1000,111887,111.9,55.94,60.5,8.662,0.0
utcmma_kdepth_ts,4,64,128,4,ws_ts,SW128,1000,218385,218.4,54.60,118.3,8.865,0.0
utcmma_kdepth_ts,8,64,128,8,ws_ts,SW128,1000,430442,430.4,53.81,233.3,8.990,0.0
utcmma_kdepth_ts,16,64,128,16,ws_ts,SW128,1000,860199,860.2,53.76,466.2,8.996,0.0
utcmma_kdepth_ts,24,64,128,24,ws_ts,SW128,1000,1295089,1295.1,53.96,701.9,8.963,0.1
utcmma_kdepth_ts,32,64,128,32,ws_ts,SW128,1000,1719089,1719.1,53.72,931.8,9.003,0.1
utcmma_latency_ss,64x128x1,64,128,1,ws_ss,INTER_MN128,10000,524603,52.5,52.46,28.4,9.224,0.0
utcmma_latency_ss,64x256x1,64,256,1,ws_ss,INTER_MN128,10000,800102,80.0,80.01,43.4,12.094,0.0
utcmma_latency_ss,64x256x4,64,256,4,ws_ss,INTER_MN128,1000,320047,320.0,80.01,173.4,12.093,0.0
utccp_latency,1,128,16,1,utccp,SW128,5000,841391,168.3,168.28,85.6,0.765,0.0
utccp_latency,2,128,32,2,utccp,SW128,5000,972274,194.5,97.23,99.0,2.649,0.0
utccp_latency,4,128,64,4,utccp,SW128,5000,1897628,379.5,94.88,193.1,5.429,0.0
utccp_latency,8,128,128,8,utccp,SW128,5000,3442023,688.4,86.05,350.3,11.972,0.0
utccp_latency,16,128,256,16,utccp,SW128,5000,5964487,1192.9,74.56,607.1,27.636,0.1
utcmma_swizzle,INTER,64,128,4,ws_ts,INTER,1000,218385,218.4,54.60,118.3,8.864,0.0
utcmma_swizzle,SW32,64,128,4,ws_ts,SW32,1000,218385,218.4,54.60,118.3,8.864,0.0
utcmma_swizzle,SW64,64,128,4,ws_ts,SW64,1000,218385,218.4,54.60,118.3,8.863,0.0
utcmma_swizzle,SW128,64,128,4,ws_ts,SW128,1000,218385,218.4,54.60,118.3,8.864,0.0
utcmma_throughput_2acc,nacc1,64,64,4,ws_ts,SW128,1000,218385,218.4,54.60,118.3,4.432,0.0
utcmma_throughput_2acc,nacc2,64,64,4,ws_ts,SW128,1000,218385,218.4,54.60,118.3,4.432,0.0
utcmma_throughput_2acc,nacc3,64,64,4,ws_ts,SW128,1000,218385,218.4,54.60,118.3,4.432,0.0
utcmma_throughput_2acc,nacc4,64,64,4,ws_ts,SW128,1000,218385,218.4,54.60,118.3,4.432,0.0
utcmma_throughput_2acc,nacc1,64,64,32,ws_ts,SW128,1000,1719089,1719.1,53.72,931.8,4.502,0.1
utcmma_throughput_2acc,nacc2,64,64,32,ws_ts,SW128,1000,1719089,1719.1,53.72,931.8,4.502,0.1
utcmma_throughput_2acc,nacc3,64,64,32,ws_ts,SW128,1000,1719089,1719.1,53.72,931.8,4.502,0.1
utcmma_throughput_2acc,nacc4,64,64,32,ws_ts,SW128,1000,1719089,1719.1,53.72,931.8,4.502,0.1
utcmma_throughput_2acc,nacc5,64,64,32,ws_ts,SW128,1000,1719089,1719.1,53.72,931.8,4.501,0.0
utcmma_throughput_2acc,nacc1,64,128,4,ws_ts,SW128,1000,218385,218.4,54.60,118.3,8.865,0.0
utcmma_throughput_2acc,nacc2,64,128,4,ws_ts,SW128,1000,218385,218.4,54.60,118.3,8.864,0.0
tmem_ld_st_fence,ld_1,0,0,1,tmem,N/A,5000,8955,1.8,1.79,0.9,0.000,0.0
tmem_ld_st_fence,ld_4,0,0,1,tmem,N/A,5000,8955,1.8,1.79,0.9,0.000,0.0
tmem_ld_st_fence,ld_8,0,0,1,tmem,N/A,5000,8955,1.8,1.79,0.9,0.000,0.0
tmem_ld_st_fence,ld_16,0,0,1,tmem,N/A,5000,8955,1.8,1.79,0.9,0.000,0.0
tmem_ld_st_fence,ld_32,0,0,1,tmem,N/A,5000,8955,1.8,1.79,0.9,0.000,0.0
tmem_ld_st_fence,ld_64,0,0,1,tmem,N/A,5000,8955,1.8,1.79,0.9,0.000,0.0
tmem_ld_st_fence,st_1,0,0,1,tmem,N/A,5000,65200,13.0,13.04,6.6,0.000,0.0
tmem_ld_st_fence,st_4,0,0,1,tmem,N/A,5000,73015,14.6,14.60,7.4,0.000,0.0
tmem_ld_st_fence,st_8,0,0,1,tmem,N/A,5000,80841,16.2,16.17,8.2,0.000,0.1
tmem_ld_st_fence,st_16,0,0,1,tmem,N/A,5000,107739,21.5,21.55,11.0,0.000,0.1
tmem_ld_st_fence,st_32,0,0,1,tmem,N/A,5000,157729,31.5,31.55,16.1,0.000,0.1
tmem_ld_st_fence,st_64,0,0,1,tmem,N/A,5000,248986,49.8,49.80,25.3,0.000,0.1
tmem_ld_st_fence,fence_tmem,0,0,1,tmem,N/A,10000,128333,12.8,12.83,6.5,0.000,0.0
tmem_ld_st_fence,fence_tcgen05,0,0,1,tmem,N/A,10000,28332,2.8,2.83,1.4,0.000,0.0
tmem_ld_st_fence,rescale_1chunk,0,0,1,tmem,N/A,1000,168090,168.1,168.09,85.5,0.000,0.0
tmem_ld_st_fence,rescale_4chunk,0,0,1,tmem,N/A,1000,622090,622.1,622.09,316.6,0.000,0.0
mbarrier_commit,named_bar_128,0,0,1,sync,N/A,10000,206582,20.7,20.66,10.5,0.000,0.2
mbarrier_commit,named_bar_32,0,0,1,sync,N/A,10000,146465,14.6,14.65,7.5,0.000,0.0
mbarrier_commit,mbarrier_tx,0,0,1,sync,N/A,10000,885124,88.5,88.51,45.0,0.000,0.0
mbarrier_commit,mma_commit_wait,64,64,1,sync,N/A,5000,865138,173.0,173.03,93.8,1.398,0.0
utcmma_dual_gemm_layout,canonical_kd4,64,128,4,ws_ts,SW128,1000,218385,218.4,54.60,118.3,8.864,0.0
utcmma_dual_gemm_layout,competition_kd4,64,128,4,ws_ts,SW128,1000,218385,218.4,54.60,118.3,8.864,0.0
utcmma_dual_gemm_layout,canonical_kd32,64,128,32,ws_ts,SW128,1000,1719089,1719.1,53.72,931.8,9.003,0.1
utcmma_dual_gemm_layout,competition_kd32,64,128,32,ws_ts,SW128,1000,1719089,1719.1,53.72,931.8,9.003,0.1
utcmma_non_ws_ts,64x64,64,64,1,nows_ts,SW32,10000,544602,54.5,54.46,29.5,4.443,0.0
utcmma_non_ws_ts,64x128,64,128,1,nows_ts,SW32,10000,640030,64.0,64.00,34.7,7.560,0.0
utcmma_non_ws_ts,kd4,64,128,4,nows_ts,SW128,1000,256046,256.0,64.01,138.7,7.560,0.0
utcmma_non_ws_ts,kd32,64,128,32,nows_ts,SW128,1000,2048016,2048.0,64.00,1110.0,7.557,0.0
utcmma_non_ws_ss,64x64,64,64,1,nows_ss,INTER_MN32,10000,524603,52.5,52.46,28.4,4.612,0.0
utcmma_non_ws_ss,64x128,64,128,1,nows_ss,INTER_MN32,10000,640102,64.0,64.01,34.7,7.559,0.0
utcmma_non_ws_ss,64x256,64,256,1,nows_ss,INTER_MN32,10000,1280102,128.0,128.01,69.4,7.558,0.0
utcmma_non_ws_ss,kd4,64,256,4,nows_ss,INTER_MN128,1000,512047,512.0,128.01,277.5,7.557,0.0
utcmma_non_ws_ts_fine_n,N8,64,8,1,nows_ts,SW32,10000,544602,54.5,54.46,29.5,0.555,0.0
utcmma_non_ws_ts_fine_n,N16,64,16,1,nows_ts,SW32,10000,544602,54.5,54.46,29.5,1.111,0.0
utcmma_non_ws_ts_fine_n,N24,64,24,1,nows_ts,SW32,10000,544602,54.5,54.46,29.5,1.666,0.0
utcmma_non_ws_ts_fine_n,N32,64,32,1,nows_ts,SW32,10000,544602,54.5,54.46,29.5,2.221,0.0
utcmma_non_ws_ts_fine_n,N40,64,40,1,nows_ts,SW32,10000,544602,54.5,54.46,29.5,2.777,0.0
utcmma_non_ws_ts_fine_n,N48,64,48,1,nows_ts,SW32,10000,544602,54.5,54.46,29.5,3.332,0.0
utcmma_non_ws_ts_fine_n,N56,64,56,1,nows_ts,SW32,10000,544602,54.5,54.46,29.5,3.887,0.0
utcmma_non_ws_ts_fine_n,N64,64,64,1,nows_ts,SW32,10000,544602,54.5,54.46,29.5,4.443,0.0
utcmma_non_ws_ss_fine_n,N8,64,8,1,nows_ss,INTER_SW32,10000,524603,52.5,52.46,28.4,0.577,0.0
utcmma_non_ws_ss_fine_n,N16,64,16,1,nows_ss,INTER_SW32,10000,524602,52.5,52.46,28.4,1.153,0.0
utcmma_non_ws_ss_fine_n,N24,64,24,1,nows_ss,INTER_SW32,10000,524603,52.5,52.46,28.4,1.730,0.0
utcmma_non_ws_ss_fine_n,N32,64,32,1,nows_ss,INTER_SW32,10000,524603,52.5,52.46,28.4,2.306,0.0
utcmma_non_ws_ss_fine_n,N40,64,40,1,nows_ss,INTER_SW32,10000,524603,52.5,52.46,28.4,2.883,0.0
utcmma_non_ws_ss_fine_n,N48,64,48,1,nows_ss,INTER_SW32,10000,524603,52.5,52.46,28.4,3.459,0.0
utcmma_non_ws_ss_fine_n,N56,64,56,1,nows_ss,INTER_SW32,10000,524603,52.5,52.46,28.4,4.036,0.0
utcmma_non_ws_ss_fine_n,N64,64,64,1,nows_ss,INTER_SW32,10000,524603,52.5,52.46,28.4,4.612,0.0
utccp_128dp128b,1,128,8,1,utccp_128b,INTER,5000,841391,168.3,168.28,85.6,0.383,0.0
utccp_128dp128b,2,128,16,2,utccp_128b,INTER,5000,972274,194.5,97.23,99.0,1.324,0.0
utccp_128dp128b,4,128,32,4,utccp_128b,INTER,5000,1451709,290.3,72.59,147.8,3.548,0.0
utccp_128dp128b,8,128,64,8,utccp_128b,INTER,5000,2411763,482.4,60.29,245.5,8.543,0.0
utccp_128dp128b,16,128,128,16,utccp_128b,INTER,5000,4367160,873.4,54.59,444.5,18.872,0.2
utccp_128dp128b,32,128,256,32,utccp_128b,INTER,5000,8207619,1641.5,51.30,835.4,40.167,0.3
experiment,x_var,M,N,k_depth,mode,swizzle,iters,total_cycles,cycles_per_gemm,cycles_per_ktile,ns_per_gemm,tflops,spread_pct
utcmma_latency_ts,64x64,64,64,1,ws_ts,SW32,10000,544602,54.5,54.46,29.5,4.441,0.0
utcmma_latency_ts,64x128,64,128,1,ws_ts,SW32,10000,544602,54.5,54.46,29.5,8.882,0.0
utcmma_latency_ts,64x256,64,256,1,ws_ts,SW32,10000,760101,76.0,76.01,41.2,12.727,0.0
utcmma_latency_ts,128x128,128,128,1,ws_ts,SW32,10000,740101,74.0,74.01,40.1,13.071,0.0
utcmma_latency_ts,128x256,128,256,1,ws_ts,SW32,10000,1380101,138.0,138.01,74.8,14.018,0.0
utcmma_kdepth_ts,1,64,128,1,ws_ts,SW32,1000,54649,54.6,54.65,29.5,8.895,0.1
utcmma_kdepth_ts,2,64,128,2,ws_ts,SW64,1000,111887,111.9,55.94,60.5,8.662,0.0
utcmma_kdepth_ts,4,64,128,4,ws_ts,SW128,1000,218385,218.4,54.60,118.3,8.865,0.0
utcmma_kdepth_ts,8,64,128,8,ws_ts,SW128,1000,430442,430.4,53.81,233.3,8.990,0.0
utcmma_kdepth_ts,16,64,128,16,ws_ts,SW128,1000,860199,860.2,53.76,466.2,8.996,0.0
utcmma_kdepth_ts,24,64,128,24,ws_ts,SW128,1000,1295089,1295.1,53.96,701.9,8.963,0.1
utcmma_kdepth_ts,32,64,128,32,ws_ts,SW128,1000,1719089,1719.1,53.72,931.8,9.003,0.1
utcmma_latency_ss,64x128x1,64,128,1,ws_ss,INTER_MN128,10000,524603,52.5,52.46,28.4,9.224,0.0
utcmma_latency_ss,64x256x1,64,256,1,ws_ss,INTER_MN128,10000,800102,80.0,80.01,43.4,12.094,0.0
utcmma_latency_ss,64x256x4,64,256,4,ws_ss,INTER_MN128,1000,320047,320.0,80.01,173.4,12.093,0.0
utccp_latency,1,128,16,1,utccp,SW128,5000,841391,168.3,168.28,85.6,0.765,0.0
utccp_latency,2,128,32,2,utccp,SW128,5000,972274,194.5,97.23,99.0,2.649,0.0
utccp_latency,4,128,64,4,utccp,SW128,5000,1897628,379.5,94.88,193.1,5.429,0.0
utccp_latency,8,128,128,8,utccp,SW128,5000,3442023,688.4,86.05,350.3,11.972,0.0
utccp_latency,16,128,256,16,utccp,SW128,5000,5964487,1192.9,74.56,607.1,27.636,0.1
utcmma_swizzle,INTER,64,128,4,ws_ts,INTER,1000,218385,218.4,54.60,118.3,8.864,0.0
utcmma_swizzle,SW32,64,128,4,ws_ts,SW32,1000,218385,218.4,54.60,118.3,8.864,0.0
utcmma_swizzle,SW64,64,128,4,ws_ts,SW64,1000,218385,218.4,54.60,118.3,8.863,0.0
utcmma_swizzle,SW128,64,128,4,ws_ts,SW128,1000,218385,218.4,54.60,118.3,8.864,0.0
utcmma_throughput_2acc,nacc1,64,64,4,ws_ts,SW128,1000,218385,218.4,54.60,118.3,4.432,0.0
utcmma_throughput_2acc,nacc2,64,64,4,ws_ts,SW128,1000,218385,218.4,54.60,118.3,4.432,0.0
utcmma_throughput_2acc,nacc3,64,64,4,ws_ts,SW128,1000,218385,218.4,54.60,118.3,4.432,0.0
utcmma_throughput_2acc,nacc4,64,64,4,ws_ts,SW128,1000,218385,218.4,54.60,118.3,4.432,0.0
utcmma_throughput_2acc,nacc1,64,64,32,ws_ts,SW128,1000,1719089,1719.1,53.72,931.8,4.502,0.1
utcmma_throughput_2acc,nacc2,64,64,32,ws_ts,SW128,1000,1719089,1719.1,53.72,931.8,4.502,0.1
utcmma_throughput_2acc,nacc3,64,64,32,ws_ts,SW128,1000,1719089,1719.1,53.72,931.8,4.502,0.1
utcmma_throughput_2acc,nacc4,64,64,32,ws_ts,SW128,1000,1719089,1719.1,53.72,931.8,4.502,0.1
utcmma_throughput_2acc,nacc5,64,64,32,ws_ts,SW128,1000,1719089,1719.1,53.72,931.8,4.501,0.0
utcmma_throughput_2acc,nacc1,64,128,4,ws_ts,SW128,1000,218385,218.4,54.60,118.3,8.865,0.0
utcmma_throughput_2acc,nacc2,64,128,4,ws_ts,SW128,1000,218385,218.4,54.60,118.3,8.864,0.0
tmem_ld_st_fence,ld_1,0,0,1,tmem,N/A,5000,8955,1.8,1.79,0.9,0.000,0.0
tmem_ld_st_fence,ld_4,0,0,1,tmem,N/A,5000,8955,1.8,1.79,0.9,0.000,0.0
tmem_ld_st_fence,ld_8,0,0,1,tmem,N/A,5000,8955,1.8,1.79,0.9,0.000,0.0
tmem_ld_st_fence,ld_16,0,0,1,tmem,N/A,5000,8955,1.8,1.79,0.9,0.000,0.0
tmem_ld_st_fence,ld_32,0,0,1,tmem,N/A,5000,8955,1.8,1.79,0.9,0.000,0.0
tmem_ld_st_fence,ld_64,0,0,1,tmem,N/A,5000,8955,1.8,1.79,0.9,0.000,0.0
tmem_ld_st_fence,st_1,0,0,1,tmem,N/A,5000,65200,13.0,13.04,6.6,0.000,0.0
tmem_ld_st_fence,st_4,0,0,1,tmem,N/A,5000,73015,14.6,14.60,7.4,0.000,0.0
tmem_ld_st_fence,st_8,0,0,1,tmem,N/A,5000,80841,16.2,16.17,8.2,0.000,0.1
tmem_ld_st_fence,st_16,0,0,1,tmem,N/A,5000,107739,21.5,21.55,11.0,0.000,0.1
tmem_ld_st_fence,st_32,0,0,1,tmem,N/A,5000,157729,31.5,31.55,16.1,0.000,0.1
tmem_ld_st_fence,st_64,0,0,1,tmem,N/A,5000,248986,49.8,49.80,25.3,0.000,0.1
tmem_ld_st_fence,fence_tmem,0,0,1,tmem,N/A,10000,128333,12.8,12.83,6.5,0.000,0.0
tmem_ld_st_fence,fence_tcgen05,0,0,1,tmem,N/A,10000,28332,2.8,2.83,1.4,0.000,0.0
tmem_ld_st_fence,rescale_1chunk,0,0,1,tmem,N/A,1000,168090,168.1,168.09,85.5,0.000,0.0
tmem_ld_st_fence,rescale_4chunk,0,0,1,tmem,N/A,1000,622090,622.1,622.09,316.6,0.000,0.0
mbarrier_commit,named_bar_128,0,0,1,sync,N/A,10000,206582,20.7,20.66,10.5,0.000,0.2
mbarrier_commit,named_bar_32,0,0,1,sync,N/A,10000,146465,14.6,14.65,7.5,0.000,0.0
mbarrier_commit,mbarrier_tx,0,0,1,sync,N/A,10000,885124,88.5,88.51,45.0,0.000,0.0
mbarrier_commit,mma_commit_wait,64,64,1,sync,N/A,5000,865138,173.0,173.03,93.8,1.398,0.0
utcmma_dual_gemm_layout,canonical_kd4,64,128,4,ws_ts,SW128,1000,218385,218.4,54.60,118.3,8.864,0.0
utcmma_dual_gemm_layout,competition_kd4,64,128,4,ws_ts,SW128,1000,218385,218.4,54.60,118.3,8.864,0.0
utcmma_dual_gemm_layout,canonical_kd32,64,128,32,ws_ts,SW128,1000,1719089,1719.1,53.72,931.8,9.003,0.1
utcmma_dual_gemm_layout,competition_kd32,64,128,32,ws_ts,SW128,1000,1719089,1719.1,53.72,931.8,9.003,0.1
utcmma_non_ws_ts,64x64,64,64,1,nows_ts,SW32,10000,544602,54.5,54.46,29.5,4.443,0.0
utcmma_non_ws_ts,64x128,64,128,1,nows_ts,SW32,10000,640030,64.0,64.00,34.7,7.560,0.0
utcmma_non_ws_ts,kd4,64,128,4,nows_ts,SW128,1000,256046,256.0,64.01,138.7,7.560,0.0
utcmma_non_ws_ts,kd32,64,128,32,nows_ts,SW128,1000,2048016,2048.0,64.00,1110.0,7.557,0.0
utcmma_non_ws_ss,64x64,64,64,1,nows_ss,INTER_MN32,10000,524603,52.5,52.46,28.4,4.612,0.0
utcmma_non_ws_ss,64x128,64,128,1,nows_ss,INTER_MN32,10000,640102,64.0,64.01,34.7,7.559,0.0
utcmma_non_ws_ss,64x256,64,256,1,nows_ss,INTER_MN32,10000,1280102,128.0,128.01,69.4,7.558,0.0
utcmma_non_ws_ss,kd4,64,256,4,nows_ss,INTER_MN128,1000,512047,512.0,128.01,277.5,7.557,0.0
utcmma_non_ws_ts_fine_n,N8,64,8,1,nows_ts,SW32,10000,544602,54.5,54.46,29.5,0.555,0.0
utcmma_non_ws_ts_fine_n,N16,64,16,1,nows_ts,SW32,10000,544602,54.5,54.46,29.5,1.111,0.0
utcmma_non_ws_ts_fine_n,N24,64,24,1,nows_ts,SW32,10000,544602,54.5,54.46,29.5,1.666,0.0
utcmma_non_ws_ts_fine_n,N32,64,32,1,nows_ts,SW32,10000,544602,54.5,54.46,29.5,2.221,0.0
utcmma_non_ws_ts_fine_n,N40,64,40,1,nows_ts,SW32,10000,544602,54.5,54.46,29.5,2.777,0.0
utcmma_non_ws_ts_fine_n,N48,64,48,1,nows_ts,SW32,10000,544602,54.5,54.46,29.5,3.332,0.0
utcmma_non_ws_ts_fine_n,N56,64,56,1,nows_ts,SW32,10000,544602,54.5,54.46,29.5,3.887,0.0
utcmma_non_ws_ts_fine_n,N64,64,64,1,nows_ts,SW32,10000,544602,54.5,54.46,29.5,4.443,0.0
utcmma_non_ws_ss_fine_n,N8,64,8,1,nows_ss,INTER_SW32,10000,524603,52.5,52.46,28.4,0.577,0.0
utcmma_non_ws_ss_fine_n,N16,64,16,1,nows_ss,INTER_SW32,10000,524602,52.5,52.46,28.4,1.153,0.0
utcmma_non_ws_ss_fine_n,N24,64,24,1,nows_ss,INTER_SW32,10000,524603,52.5,52.46,28.4,1.730,0.0
utcmma_non_ws_ss_fine_n,N32,64,32,1,nows_ss,INTER_SW32,10000,524603,52.5,52.46,28.4,2.306,0.0
utcmma_non_ws_ss_fine_n,N40,64,40,1,nows_ss,INTER_SW32,10000,524603,52.5,52.46,28.4,2.883,0.0
utcmma_non_ws_ss_fine_n,N48,64,48,1,nows_ss,INTER_SW32,10000,524603,52.5,52.46,28.4,3.459,0.0
utcmma_non_ws_ss_fine_n,N56,64,56,1,nows_ss,INTER_SW32,10000,524603,52.5,52.46,28.4,4.036,0.0
utcmma_non_ws_ss_fine_n,N64,64,64,1,nows_ss,INTER_SW32,10000,524603,52.5,52.46,28.4,4.612,0.0
utccp_128dp128b,1,128,8,1,utccp_128b,INTER,5000,841391,168.3,168.28,85.6,0.383,0.0
utccp_128dp128b,2,128,16,2,utccp_128b,INTER,5000,972274,194.5,97.23,99.0,1.324,0.0
utccp_128dp128b,4,128,32,4,utccp_128b,INTER,5000,1451709,290.3,72.59,147.8,3.548,0.0
utccp_128dp128b,8,128,64,8,utccp_128b,INTER,5000,2411763,482.4,60.29,245.5,8.543,0.0
utccp_128dp128b,16,128,128,16,utccp_128b,INTER,5000,4367160,873.4,54.59,444.5,18.872,0.2
utccp_128dp128b,32,128,256,32,utccp_128b,INTER,5000,8207619,1641.5,51.30,835.4,40.167,0.3
https://modal.com/apps/mark123ymm/main/ap-3ykbBJove1ExzPn8PjPEQG
