table,opcode,expected_cycles,measured_cycles,delta_cycles,confirmed,status,measurement_id,observed_opcode,evidence_kind,fit_note,previous_desc
SM100A_SYNC_LATENCIES,FFMA,4,4,0,yes,direct,sync_ffma,FFMA,direct,"{""target"": 4.4393, ""baseline"": 0.0, ""proxy"": false}",FP32 fused multiply-add (arxiv:2507.10789); measured on B200 issue-isolation bench (direct)
SM100A_SYNC_LATENCIES,FADD,4,4,0,yes,direct,sync_fadd,FADD,direct,"{""target"": 4.4395, ""baseline"": 0.0, ""proxy"": false}",FP32 add (arxiv:2507.10789); measured on B200 issue-isolation bench (direct)
SM100A_SYNC_LATENCIES,FMUL,4,4,0,yes,direct,sync_fmul,FMUL,direct,"{""target"": 4.4393, ""baseline"": 0.0, ""proxy"": false}",FP32 multiply (arxiv:2507.10789); measured on B200 issue-isolation bench (direct)
SM100A_SYNC_LATENCIES,HFMA2,4,4,0,yes,direct,sync_hfma2,HFMA2,direct,"{""target"": 4.4393, ""baseline"": 0.0, ""proxy"": false}",FP16x2 fused multiply-add (arxiv:2507.10789); measured on B200 issue-isolation bench (direct)
SM100A_SYNC_LATENCIES,MUFU,17,17,0,yes,direct,sync_mufu,MUFU,direct,"{""target"": 17.002, ""baseline"": 0.0, ""proxy"": false}","multi-function unit — exp, rcp, rsq; varies by fn [est]; measured on B200 issue-isolation bench (direct)"
SM100A_SYNC_LATENCIES,IMAD,4,4,0,yes,direct,sync_imad,IMAD,direct,"{""target"": 4.4393, ""baseline"": 0.0, ""proxy"": false}",integer multiply-add (arxiv:2507.10789); measured on B200 issue-isolation bench (direct)
SM100A_SYNC_LATENCIES,IADD3,2,2,0,yes,direct,sync_iadd3,IADD3,direct,"{""target"": 1.7519, ""baseline"": 0.0, ""proxy"": false}",3-input integer add (arxiv:2507.10789); measured on B200 issue-isolation bench (direct)
SM100A_SYNC_LATENCIES,LOP3,4,4,0,yes,direct,sync_lop3,LOP3,direct,"{""target"": 4.4393, ""baseline"": 0.0, ""proxy"": false}",3-input logic op [est]; measured on B200 issue-isolation bench (direct)
SM100A_SYNC_LATENCIES,LDS,2,2,0,yes,direct,sync_lds,LDS,direct,"{""target"": 2.4394, ""baseline"": 0.0, ""proxy"": false}",shared memory load — 20-30 cyc (arxiv:2507.10789); measured on B200 issue-isolation bench (direct)
SM100A_SYNC_LATENCIES,STS,3,3,0,yes,proxy,sync_sts,STS,direct,"{""target"": 5.1894, ""baseline"": 2.4396, ""proxy"": false} | proxied via dependent STS+LDS chain",shared memory store (arxiv:2507.10789); measured on B200 issue-isolation bench (proxy; proxied via dependent STS+LDS chain)
SM100A_SYNC_LATENCIES,MOV,4,0,-4,no,unverified,sync_mov,,,"{""target"": 0.0, ""baseline"": 0.0, ""proxy"": false}",register move [est]
SM100A_SYNC_LATENCIES,SHFL,26,26,0,yes,direct,sync_shfl,SHFL,direct,"{""target"": 26.0019, ""baseline"": 0.0002, ""proxy"": false}",warp shuffle [est]; measured on B200 issue-isolation bench (direct)
SM100A_SYNC_LATENCIES,S2R,2,2,0,yes,direct,sync_s2r,S2R,direct,"{""target"": 2.4394, ""baseline"": 0.0, ""proxy"": false}",special register read [est]; measured on B200 issue-isolation bench (direct)
SM100A_ASYNC_ISSUE_COSTS,UTCHMMA,54,54,0,yes,direct,async_utchmma,UTCHMMA,direct,"{""points"": [[1.0, 52.75120849609377], [2.0, 105.75261230468752], [4.0, 213.25219726562503], [8.0, 431.7485717773437], [16.0, 855.7485717773437]], ""intercept"": -0.47692362467444127, ""slope"": 53.601218701434384}","tcgen05.mma — single-thread issue, async completion via TMEM; measured on B200 issue-isolation bench (direct)"
SM100A_ASYNC_ISSUE_COSTS,UTCIMMA,54,54,0,yes,proxy,async_utchmma,UTCHMMA,proxy,"{""points"": [[1.0, 52.75120849609377], [2.0, 105.75261230468752], [4.0, 213.25219726562503], [8.0, 431.7485717773437], [16.0, 855.7485717773437]], ""intercept"": -0.47692362467444127, ""slope"": 53.601218701434384} | proxied with f16 tcgen05.mma issue kernel",integer tensor mma variant — async issue; measured on B200 issue-isolation bench (proxy; proxied with f16 tcgen05.mma issue kernel)
SM100A_ASYNC_ISSUE_COSTS,UTCOMMA,54,54,0,yes,proxy,async_utchmma,UTCHMMA,proxy,"{""points"": [[1.0, 52.75120849609377], [2.0, 105.75261230468752], [4.0, 213.25219726562503], [8.0, 431.7485717773437], [16.0, 855.7485717773437]], ""intercept"": -0.47692362467444127, ""slope"": 53.601218701434384} | proxied with f16 tcgen05.mma issue kernel",tensor mma variant — async issue; measured on B200 issue-isolation bench (proxy; proxied with f16 tcgen05.mma issue kernel)
SM100A_ASYNC_ISSUE_COSTS,UTCQMMA,54,54,0,yes,proxy,async_utchmma,UTCHMMA,proxy,"{""points"": [[1.0, 52.75120849609377], [2.0, 105.75261230468752], [4.0, 213.25219726562503], [8.0, 431.7485717773437], [16.0, 855.7485717773437]], ""intercept"": -0.47692362467444127, ""slope"": 53.601218701434384} | proxied with f16 tcgen05.mma issue kernel",quantized tensor mma variant — async issue; measured on B200 issue-isolation bench (proxy; proxied with f16 tcgen05.mma issue kernel)
SM100A_ASYNC_ISSUE_COSTS,UTMALDG,110,110,0,yes,direct,async_tma_load,UTMALDG,direct,"{""points"": [[1.0, 300.6278564453125], [2.0, 392.8984741210937], [4.0, 567.1781005859375], [8.0, 919.8081787109376], [16.0, 1954.7791992187501]], ""intercept"": 145.7558364868163, ""slope"": 109.88750408541773}",TMA gather/load — async issue; measured on B200 issue-isolation bench (direct)
SM100A_ASYNC_ISSUE_COSTS,UTMASTG,14,14,0,yes,direct,async_tma_store,UTMASTG,direct,"{""points"": [[1.0, 1.7446166992187457], [2.0, 2.3071533203124943], [4.0, 49.106152343750004], [8.0, 101.60184326171876], [16.0, 206.35220947265626]], ""intercept"": -14.375079345703114, ""slope"": 13.9673345750378}",TMA store — async issue; measured on B200 issue-isolation bench (direct)
SM100A_ASYNC_ISSUE_COSTS,UTMAREDG,45,45,0,yes,direct,async_tma_reduce,UTMAREDG,direct,"{""points"": [[1.0, 31.9902587890625], [2.0, 75.99193115234375], [4.0, 168.8526611328125], [8.0, 344.8498901367187], [16.0, 699.8495239257812]], ""intercept"": -11.620806376139342, ""slope"": 44.50446119411017}",TMA reduction store — async issue; measured on B200 issue-isolation bench (direct)
SM100A_ASYNC_ISSUE_COSTS,UTMAPF,57,57,0,yes,direct,async_tma_prefetch,UTMAPF,direct,"{""points"": [[1.0, 56.277783203125], [2.0, 112.45999755859376], [4.0, 229.87843017578126], [8.0, 455.69129638671876], [16.0, 910.8273071289062]], ""intercept"": -0.1248260498046534, ""slope"": 56.959965958133814}",TMA prefetch — async issue; measured on B200 issue-isolation bench (direct)
SM100A_ASYNC_ISSUE_COSTS,UTMACCTL,57,57,0,yes,proxy,async_tma_prefetch,UTMAPF,proxy,"{""points"": [[1.0, 56.277783203125], [2.0, 112.45999755859376], [4.0, 229.87843017578126], [8.0, 455.69129638671876], [16.0, 910.8273071289062]], ""intercept"": -0.1248260498046534, ""slope"": 56.959965958133814} | proxied with TMA prefetch/cache-control path",TMA cache-control hint — async issue; measured on B200 issue-isolation bench (proxy; proxied with TMA prefetch/cache-control path)
SM100A_ASYNC_ISSUE_COSTS,UTCCP,70,70,0,yes,direct,async_utccp,UTCCP,direct,"{""points"": [[1.0, 48.001257324218756], [2.0, 74.24967041015626], [4.0, 259.62556152343745], [8.0, 568.0060180664062], [16.0, 1073.1615356445313]], ""intercept"": -29.00629526774094, ""slope"": 69.93791997765983}",tcgen05.cp shared->TMEM copy — async issue; measured on B200 issue-isolation bench (direct)
SM100A_ASYNC_ISSUE_COSTS,LDT,0,0,0,yes,direct,async_ldt,LDT,direct,"{""points"": [[1.0, 0.04620361328125], [2.0, 0.1607421874999999], [4.0, 0.09475097656250009], [8.0, 0.0947265625], [16.0, 0.0980224609375]], ""intercept"": 0.09858500162760417, ""slope"": 4.905782720094185e-05}",TMEM->register load — async scoreboarded issue; measured on B200 issue-isolation bench (direct)
SM100A_ASYNC_ISSUE_COSTS,LDTM,0,0,0,yes,direct,async_ldtm,LDTM,direct,"{""points"": [[1.0, 0.4207885742187498], [2.0, 0.4069091796875002], [4.0, 0.4071655273437498], [8.0, 0.41022949218750004], [16.0, 0.4114624023437501]], ""intercept"": 0.41223347981770825, ""slope"": -0.00014878139700939773}",TMEM->register matrix load — async scoreboarded issue; measured on B200 issue-isolation bench (direct)
SM100A_ASYNC_ISSUE_COSTS,STT,2,2,0,yes,direct,async_stt,STT,direct,"{""points"": [[1.0, 0.7421142578124993], [2.0, 3.8526367187500004], [4.0, 4.16510009765625], [8.0, 8.1664306640625], [16.0, 34.66492919921875]], ""intercept"": -3.2322825113932296, ""slope"": 2.1855684998214886}",register->TMEM store — async issue; measured on B200 issue-isolation bench (direct)
SM100A_ASYNC_ISSUE_COSTS,STTM,54,54,0,yes,direct,async_sttm,STTM,direct,"{""points"": [[1.0, 14.3045166015625], [2.0, 48.539990234375], [4.0, 103.78956298828125], [8.0, 295.4215454101562], [16.0, 824.6577026367188]], ""intercept"": -80.44132741292321, ""slope"": 54.48128886889386}",register->TMEM matrix store — async issue; measured on B200 issue-isolation bench (direct)
SM100A_ASYNC_ISSUE_COSTS,UTCSHIFT,0,0,0,yes,proxy,async_ldtm,LDTM,proxy,"{""points"": [[1.0, 0.4207885742187498], [2.0, 0.4069091796875002], [4.0, 0.4071655273437498], [8.0, 0.41022949218750004], [16.0, 0.4114624023437501]], ""intercept"": 0.41223347981770825, ""slope"": -0.00014878139700939773} | proxied with TMEM rearrangement/load path",TMEM shift op — async issue; measured on B200 issue-isolation bench (proxy; proxied with TMEM rearrangement/load path)
SM100A_ASYNC_ISSUE_COSTS,LDGDEPBAR,1,,,no,unverified,,,,,global-load dependency barrier — scheduling control
SM100A_ASYNC_ISSUE_COSTS,LDGSTS,6,6,0,yes,direct,async_ldgsts,LDGSTS,direct,"{""points"": [[1.0, 250.31136474609377], [2.0, 254.60731201171876], [4.0, 263.9207763671875], [8.0, 287.75770263671876], [16.0, 335.80791015625]], ""intercept"": 242.76076863606772, ""slope"": 5.7613297657300055}",global->shared async copy issue; measured on B200 issue-isolation bench (direct)
SM100A_ASYNC_ISSUE_COSTS,LDGMC,0,0,0,yes,proxy,async_ldg,LDG,proxy,"{""points"": [[1.0, 1.49437255859375], [2.0, 0.05262451171875], [4.0, 0.04837646484375], [8.0, 0.04825439453125], [16.0, 0.04832763671875]], ""intercept"": 0.6524627685546874, ""slope"": -0.05065671859248991} | proxied with global load/cache-control path",reducing/cached load issue; measured on B200 issue-isolation bench (proxy; proxied with global load/cache-control path)
SM100A_ASYNC_ISSUE_COSTS,CCTL,4,4,0,yes,direct,async_cctl,CCTL,direct,"{""points"": [[1.0, 5.3094482421875], [2.0, 9.31156005859375], [4.0, 21.0484130859375], [8.0, 37.05322265625], [16.0, 69.04979248046875]], ""intercept"": 2.089505004882813, ""slope"": 4.236287467710434}",cache-control hint; measured on B200 issue-isolation bench (direct)
SM100A_ASYNC_ISSUE_COSTS,CCTLL,4,4,0,yes,proxy,async_cctl,CCTL,proxy,"{""points"": [[1.0, 5.3094482421875], [2.0, 9.31156005859375], [4.0, 21.0484130859375], [8.0, 37.05322265625], [16.0, 69.04979248046875]], ""intercept"": 2.089505004882813, ""slope"": 4.236287467710434} | ptxas selected short-form cache-control encoding",cache-control hint; measured on B200 issue-isolation bench (proxy; ptxas selected short-form cache-control encoding)
SM100A_ASYNC_ISSUE_COSTS,UBLKCP,15,15,0,yes,direct,async_bulk_copy,UBLKCP,direct,"{""points"": [[1.0, 7.871899414062497], [2.0, 14.370153808593749], [4.0, 43.61822509765625], [8.0, 107.62246093750001], [16.0, 235.63134765625003]], ""intercept"": -14.24630839029949, ""slope"": 15.495020285985804}",bulk copy issue; measured on B200 issue-isolation bench (direct)
SM100A_ASYNC_ISSUE_COSTS,UBLKPF,6,6,0,yes,direct,async_bulk_prefetch,UBLKPF,direct,"{""points"": [[1.0, 7.17589111328125], [2.0, 16.5411376953125], [4.0, 28.53868408203125], [8.0, 52.54134521484375], [16.0, 100.54881591796875]], ""intercept"": 3.136662292480473, ""slope"": 6.118147179388231}",bulk prefetch issue; measured on B200 issue-isolation bench (direct)
SM100A_ASYNC_ISSUE_COSTS,UBLKRED,44,44,0,yes,direct,async_bulk_reduce,UBLKRED,direct,"{""points"": [[1.0, 36.12105712890626], [2.0, 80.1205078125], [4.0, 168.12166748046874], [8.0, 344.1347412109375], [16.0, 699.136474609375]], ""intercept"": -8.50547231038405, ""slope"": 44.198768057874446}",bulk reduction copy issue; measured on B200 issue-isolation bench (direct)
SM100A_ASYNC_ISSUE_COSTS,LDG,0,0,0,yes,direct,async_ldg,LDG,direct,"{""points"": [[1.0, 1.49437255859375], [2.0, 0.05262451171875], [4.0, 0.04837646484375], [8.0, 0.04825439453125], [16.0, 0.04832763671875]], ""intercept"": 0.6524627685546874, ""slope"": -0.05065671859248991}","global load — async issue, data arrives later via scoreboard; measured on B200 issue-isolation bench (direct)"
SM100A_ASYNC_ISSUE_COSTS,STG,21,21,0,yes,direct,async_stg,STG,direct,"{""points"": [[1.0, 1.744677734375], [2.0, 41.55020751953125], [4.0, 86.04459228515626], [8.0, 166.04833984375], [16.0, 326.0454833984375]], ""intercept"": -5.765483601888008, ""slope"": 20.97615221905452}",global store — async issue; measured on B200 issue-isolation bench (direct)
SM100A_ASYNC_ISSUE_COSTS,LDL,0,0,0,yes,direct,async_ldl,LDL,direct,"{""points"": [[1.0, 1.465576171875], [2.0, 0.07559814453125], [4.0, 0.08231201171875], [8.0, 0.08651123046875], [16.0, 0.0802001953125]], ""intercept"": 0.6571192423502604, ""slope"": -0.04823865993048555}",local-memory load — often spill traffic; measured on B200 issue-isolation bench (direct)
SM100A_ASYNC_ISSUE_COSTS,STL,4,4,0,yes,direct,async_stl,STL,direct,"{""points"": [[1.0, 6.01611328125], [2.0, 10.32698974609375], [4.0, 18.0779541015625], [8.0, 37.571337890625], [16.0, 72.073681640625]], ""intercept"": 1.3331385294596352, ""slope"": 4.43227045202768}",local-memory store — often spill traffic; measured on B200 issue-isolation bench (direct)
SM100A_ASYNC_ISSUE_COSTS,STAS,1,,,no,unverified,,,,,async distributed-shared store issue
SM100A_ASYNC_ISSUE_COSTS,REDAS,1,,,no,unverified,,,,,async distributed-shared reduction issue
SM100A_ASYNC_ISSUE_COSTS,MBAR,7,7,0,yes,direct,async_mbar,SYNCS.ARRIVE,direct,"{""points"": [[1.0, 28.813745117187498], [2.0, 34.5052978515625], [4.0, 50.55677490234375], [8.0, 74.05560302734375], [16.0, 128.302197265625]], ""intercept"": 22.218265787760416, ""slope"": 6.617493200814853} | cuobjdump lowers mbarrier arrive to SYNCS.ARRIVE",mbarrier arrive — async issue; measured on B200 issue-isolation bench (direct; cuobjdump lowers mbarrier arrive to SYNCS.ARRIVE)
SM100A_ASYNC_ISSUE_COSTS,BAR,20,20,0,yes,direct,async_bar,BAR,direct,"{""points"": [[1.0, 20.6687744140625], [2.0, 40.67403564453125], [4.0, 80.67479248046875], [8.0, 162.5333740234375], [16.0, 322.5340209960938]], ""intercept"": 0.5169845581054489, ""slope"": 20.145163702195692}","barrier — sync, blocks until all threads arrive [est]; measured on B200 issue-isolation bench (direct)"
