measurement_id,suite,role,batch,outer_iters,ops_per_iter,runs,total_cycles,total_ns,cycles_per_op,ns_per_op,spread_pct
sync_ffma,sync,target,1,200000,1,9,887867.3,452690.3,4.4393,2.2635,0.04
sync_ffma,sync,baseline,1,200000,1,9,3.0,0.0,0.0000,0.0000,0.00
sync_fadd,sync,target,1,200000,1,9,887900.3,452402.3,4.4395,2.2620,0.04
sync_fadd,sync,baseline,1,200000,1,9,3.0,4.6,0.0000,0.0000,0.00
sync_fmul,sync,target,1,200000,1,9,887867.4,452438.9,4.4393,2.2622,0.04
sync_fmul,sync,baseline,1,200000,1,9,3.0,0.0,0.0000,0.0000,0.00
sync_hfma2,sync,target,1,200000,1,9,887867.9,452416.0,4.4393,2.2621,0.04
sync_hfma2,sync,baseline,1,200000,1,9,3.0,0.0,0.0000,0.0000,0.00
sync_mufu,sync,target,1,200000,1,9,3400393.0,1732466.3,17.0020,8.6623,0.01
sync_mufu,sync,baseline,1,200000,1,9,3.0,4.6,0.0000,0.0000,0.00
sync_imad,sync,target,1,200000,1,9,887867.1,452411.4,4.4393,2.2621,0.04
sync_imad,sync,baseline,1,200000,1,9,3.0,0.0,0.0000,0.0000,0.00
sync_iadd3,sync,target,1,200000,1,9,350382.9,178518.9,1.7519,0.8926,0.10
sync_iadd3,sync,baseline,1,200000,1,9,3.0,0.0,0.0000,0.0000,0.00
sync_lop3,sync,target,1,200000,1,9,887867.7,452361.1,4.4393,2.2618,0.04
sync_lop3,sync,baseline,1,200000,1,9,3.0,0.0,0.0000,0.0000,0.00
sync_mov,sync,target,1,200000,1,9,6.0,0.0,0.0000,0.0000,0.00
sync_mov,sync,baseline,1,200000,1,9,3.0,0.0,0.0000,0.0000,0.00
sync_shfl,sync,target,1,200000,1,9,5200372.9,2649581.7,26.0019,13.2479,0.01
sync_shfl,sync,baseline,1,200000,1,9,34.0,0.0,0.0002,0.0000,0.00
sync_s2r,sync,target,1,200000,1,9,487879.6,248585.1,2.4394,1.2429,0.07
sync_s2r,sync,baseline,1,200000,1,9,3.0,4.6,0.0000,0.0000,0.00
sync_lds,sync,target,1,200000,1,9,487886.3,248576.0,2.4394,1.2429,0.06
sync_lds,sync,baseline,1,200000,1,9,3.0,0.0,0.0000,0.0000,0.00
sync_sts,sync,target,1,200000,1,9,1037871.4,528832.0,5.1894,2.6442,0.03
sync_sts,sync,baseline,1,200000,1,9,487912.4,248626.3,2.4396,1.2431,0.06
async_tma_load,async,target,1,8192,1,9,2917632.4,1486546.3,356.1563,181.4632,0.27
async_tma_load,async,baseline,1,8192,1,9,454889.0,231780.6,55.5284,28.2935,0.06
async_tma_load,async,target,2,8192,2,9,3673512.3,1871844.6,224.2134,114.2483,0.22
async_tma_load,async,baseline,2,8192,2,9,454888.0,231666.3,27.7642,14.1398,0.06
async_tma_load,async,target,4,8192,4,9,5101210.4,2599378.3,155.6766,79.3267,0.45
async_tma_load,async,baseline,4,8192,4,9,454887.4,231844.6,13.8821,7.0753,0.05
async_tma_load,async,target,8,8192,8,9,7989955.7,4071158.9,121.9170,62.1210,0.02
async_tma_load,async,baseline,8,8192,8,9,454887.1,231748.6,6.9410,3.5362,0.05
async_tma_load,async,target,16,8192,16,9,16468443.3,8390665.1,125.6443,64.0157,0.02
async_tma_load,async,baseline,16,8192,16,9,454892.1,231753.1,3.4706,1.7681,0.05
async_tma_prefetch,async,target,1,8192,1,9,461030.6,234889.1,56.2781,28.6730,0.12
async_tma_prefetch,async,baseline,1,8192,1,9,3.0,0.0,0.0004,0.0000,0.00
async_tma_prefetch,async,target,2,8192,2,9,921275.3,469426.3,56.2302,28.6515,0.04
async_tma_prefetch,async,baseline,2,8192,2,9,3.0,0.0,0.0002,0.0000,0.00
async_tma_prefetch,async,target,4,8192,4,9,1883167.1,959442.3,57.4697,29.2799,0.02
async_tma_prefetch,async,baseline,4,8192,4,9,3.0,0.0,0.0001,0.0000,0.00
async_tma_prefetch,async,target,8,8192,8,9,3733026.1,1901901.7,56.9615,29.0207,0.01
async_tma_prefetch,async,baseline,8,8192,8,9,3.0,4.6,0.0000,0.0001,0.00
async_tma_prefetch,async,target,16,8192,16,9,7461500.3,3801732.6,56.9267,29.0049,0.01
async_tma_prefetch,async,baseline,16,8192,16,9,3.0,4.6,0.0000,0.0000,0.00
async_tma_store,async,target,1,8192,1,9,298297.3,152000.0,36.4132,18.5547,0.03
async_tma_store,async,baseline,1,8192,1,9,284005.4,144731.4,34.6686,17.6674,0.12
async_tma_store,async,target,2,8192,2,9,302909.1,154340.6,18.4881,9.4202,0.06
async_tma_store,async,baseline,2,8192,2,9,284008.9,144694.9,17.3345,8.8315,0.13
async_tma_store,async,target,4,8192,4,9,686286.3,349654.9,20.9438,10.6706,0.00
async_tma_store,async,baseline,4,8192,4,9,284008.7,144722.3,8.6673,4.4166,0.13
async_tma_store,async,target,8,8192,8,9,1116331.6,568786.3,17.0339,8.6790,0.00
async_tma_store,async,baseline,8,8192,8,9,284009.3,144708.6,4.3336,2.2081,0.13
async_tma_store,async,target,16,8192,16,9,1974443.6,1006038.9,15.0638,7.6755,0.00
async_tma_store,async,baseline,16,8192,16,9,284006.3,144717.7,2.1668,1.1041,0.12
async_tma_reduce,async,target,1,8192,1,9,546095.9,278235.4,66.6621,33.9643,0.03
async_tma_reduce,async,baseline,1,8192,1,9,284031.7,144713.1,34.6718,17.6652,0.13
async_tma_reduce,async,target,2,8192,2,9,906536.0,461906.3,55.3306,28.1925,0.02
async_tma_reduce,async,baseline,2,8192,2,9,284010.1,144694.9,17.3346,8.8315,0.13
async_tma_reduce,async,target,4,8192,4,9,1667249.1,849549.7,50.8804,25.9262,0.01
async_tma_reduce,async,baseline,4,8192,4,9,284008.1,144713.1,8.6672,4.4163,0.12
async_tma_reduce,async,target,8,8192,8,9,3109042.0,1584196.6,47.4402,24.1729,0.00
async_tma_reduce,async,baseline,8,8192,8,9,284031.7,144722.3,4.3340,2.2083,0.13
async_tma_reduce,async,target,16,8192,16,9,6017198.0,3065828.6,45.9076,23.3904,0.00
async_tma_reduce,async,baseline,16,8192,16,9,284030.7,144722.3,2.1670,1.1041,0.13
async_bulk_copy,async,target,1,8192,1,9,348498.6,177577.1,42.5413,21.6769,0.10
async_bulk_copy,async,baseline,1,8192,1,9,284012.0,144731.4,34.6694,17.6674,0.13
async_bulk_copy,async,target,2,8192,2,9,401728.0,204690.3,24.5195,12.4933,0.09
async_bulk_copy,async,baseline,2,8192,2,9,284007.7,144699.4,17.3345,8.8318,0.13
async_bulk_copy,async,target,4,8192,4,9,641356.1,326720.0,19.5726,9.9707,0.05
async_bulk_copy,async,baseline,4,8192,4,9,284035.6,144708.6,8.6681,4.4162,0.12
async_bulk_copy,async,target,8,8192,8,9,1165673.3,593851.4,17.7868,9.0615,0.03
async_bulk_copy,async,baseline,8,8192,8,9,284030.1,144690.3,4.3340,2.2078,0.13
async_bulk_copy,async,target,16,8192,16,9,2214302.7,1128178.3,16.8938,8.6073,0.02
async_bulk_copy,async,baseline,16,8192,16,9,284010.7,144717.7,2.1668,1.1041,0.13
async_bulk_reduce,async,target,1,8192,1,9,579912.3,295506.3,70.7901,36.0725,0.06
async_bulk_reduce,async,baseline,1,8192,1,9,284008.6,144731.4,34.6690,17.6674,0.12
async_bulk_reduce,async,target,2,8192,2,9,940371.1,479117.7,57.3957,29.2430,0.04
async_bulk_reduce,async,baseline,2,8192,2,9,284023.9,144722.3,17.3354,8.8331,0.12
async_bulk_reduce,async,target,4,8192,4,9,1661289.0,846464.0,50.6985,25.8320,0.02
async_bulk_reduce,async,baseline,4,8192,4,9,284036.3,144708.6,8.6681,4.4162,0.13
async_bulk_reduce,async,target,8,8192,8,9,3103161.4,1581078.9,47.3505,24.1253,0.01
async_bulk_reduce,async,baseline,8,8192,8,9,284009.6,144722.3,4.3336,2.2083,0.13
async_bulk_reduce,async,target,16,8192,16,9,6011334.4,3062998.9,45.8628,23.3688,0.01
async_bulk_reduce,async,baseline,16,8192,16,9,284008.4,144717.7,2.1668,1.1041,0.13
async_bulk_prefetch,async,target,1,8192,1,9,58787.9,29965.7,7.1763,3.6579,0.63
async_bulk_prefetch,async,baseline,1,8192,1,9,3.0,0.0,0.0004,0.0000,0.00
async_bulk_prefetch,async,target,2,8192,2,9,135508.0,69051.4,8.2708,4.2146,0.26
async_bulk_prefetch,async,baseline,2,8192,2,9,3.0,0.0,0.0002,0.0000,0.00
async_bulk_prefetch,async,target,4,8192,4,9,233791.9,119131.4,7.1348,3.6356,0.15
async_bulk_prefetch,async,baseline,4,8192,4,9,3.0,0.0,0.0001,0.0000,0.00
async_bulk_prefetch,async,target,8,8192,8,9,430421.7,219309.7,6.5677,3.3464,0.08
async_bulk_prefetch,async,baseline,8,8192,8,9,3.0,0.0,0.0000,0.0000,0.00
async_bulk_prefetch,async,target,16,8192,16,9,823698.9,419721.1,6.2843,3.2022,0.04
async_bulk_prefetch,async,baseline,16,8192,16,9,3.0,0.0,0.0000,0.0000,0.00
async_ldg,async,target,1,8192,1,9,12244.9,6240.0,1.4947,0.7617,2.92
async_ldg,async,baseline,1,8192,1,9,3.0,0.0,0.0004,0.0000,0.00
async_ldg,async,target,2,8192,2,9,434.1,224.0,0.0265,0.0137,81.31
async_ldg,async,baseline,2,8192,2,9,3.0,4.6,0.0002,0.0003,0.00
async_ldg,async,target,4,8192,4,9,399.3,205.7,0.0122,0.0063,91.16
async_ldg,async,baseline,4,8192,4,9,3.0,9.1,0.0001,0.0003,0.00
async_ldg,async,target,8,8192,8,9,398.3,214.9,0.0061,0.0033,89.63
async_ldg,async,baseline,8,8192,8,9,3.0,0.0,0.0000,0.0000,0.00
async_ldg,async,target,16,8192,16,9,398.9,219.4,0.0030,0.0017,91.76
async_ldg,async,baseline,16,8192,16,9,3.0,0.0,0.0000,0.0000,0.00
async_stg,async,target,1,8192,1,9,14295.4,7282.3,1.7450,0.8890,2.46
async_stg,async,baseline,1,8192,1,9,3.0,9.1,0.0004,0.0011,0.00
async_stg,async,target,2,8192,2,9,340382.3,173421.7,20.7753,10.5848,0.11
async_stg,async,baseline,2,8192,2,9,3.0,0.0,0.0002,0.0000,0.00
async_stg,async,target,4,8192,4,9,704880.3,359140.6,21.5112,10.9601,0.05
async_stg,async,baseline,4,8192,4,9,3.0,9.1,0.0001,0.0003,0.00
async_stg,async,target,8,8192,8,9,1360271.0,693110.9,20.7561,10.5760,0.03
async_stg,async,baseline,8,8192,8,9,3.0,4.6,0.0000,0.0001,0.00
async_stg,async,target,16,8192,16,9,2670967.6,1360918.9,20.3779,10.3830,0.01
async_stg,async,baseline,16,8192,16,9,3.0,0.0,0.0000,0.0000,0.00
async_ldl,async,target,1,8192,1,9,12009.0,6121.1,1.4659,0.7472,0.00
async_ldl,async,baseline,1,8192,1,9,3.0,4.6,0.0004,0.0006,0.00
async_ldl,async,target,2,8192,2,9,622.3,324.6,0.0380,0.0198,64.44
async_ldl,async,baseline,2,8192,2,9,3.0,0.0,0.0002,0.0000,0.00
async_ldl,async,target,4,8192,4,9,677.3,347.4,0.0207,0.0106,59.65
async_ldl,async,baseline,4,8192,4,9,3.0,0.0,0.0001,0.0000,0.00
async_ldl,async,target,8,8192,8,9,711.7,365.7,0.0109,0.0056,55.78
async_ldl,async,baseline,8,8192,8,9,3.0,9.1,0.0000,0.0001,0.00
async_ldl,async,target,16,8192,16,9,660.0,342.9,0.0050,0.0026,59.70
async_ldl,async,baseline,16,8192,16,9,3.0,0.0,0.0000,0.0000,0.00
async_stl,async,target,1,8192,1,9,49287.0,25115.4,6.0165,3.0658,0.00
async_stl,async,baseline,1,8192,1,9,3.0,0.0,0.0004,0.0000,0.00
async_stl,async,target,2,8192,2,9,84601.7,43108.6,5.1637,2.6311,0.46
async_stl,async,baseline,2,8192,2,9,3.0,0.0,0.0002,0.0000,0.00
async_stl,async,target,4,8192,4,9,148097.6,75451.4,4.5196,2.3026,0.27
async_stl,async,baseline,4,8192,4,9,3.0,0.0,0.0001,0.0000,0.00
async_stl,async,target,8,8192,8,9,307787.4,156841.1,4.6965,2.3932,0.13
async_stl,async,baseline,8,8192,8,9,3.0,9.1,0.0000,0.0001,0.00
async_stl,async,target,16,8192,16,9,590430.6,300827.4,4.5046,2.2951,0.07
async_stl,async,baseline,16,8192,16,9,3.0,0.0,0.0000,0.0000,0.00
async_ldgsts,async,target,1,8192,1,9,2391940.7,1218770.3,291.9850,148.7757,0.02
async_ldgsts,async,baseline,1,8192,1,9,341390.0,173970.3,41.6736,21.2366,0.11
async_ldgsts,async,target,2,8192,2,9,2427098.7,1236635.4,148.1383,75.4782,0.03
async_ldgsts,async,baseline,2,8192,2,9,341355.6,173924.6,20.8347,10.6155,0.11
async_ldgsts,async,target,4,8192,4,9,2503391.6,1275584.0,76.3974,38.9277,0.13
async_ldgsts,async,baseline,4,8192,4,9,341352.6,173952.0,10.4173,5.3086,0.10
async_ldgsts,async,target,8,8192,8,9,2698700.1,1375163.4,41.1789,20.9833,0.07
async_ldgsts,async,baseline,8,8192,8,9,341389.0,173874.3,5.2092,2.6531,0.11
async_ldgsts,async,target,16,8192,16,9,3092291.1,1575533.7,23.5923,12.0204,0.09
async_ldgsts,async,baseline,16,8192,16,9,341352.7,173892.6,2.6043,1.3267,0.11
async_cctl,async,target,1,8192,1,9,43498.0,22176.0,5.3098,2.7070,0.80
async_cctl,async,baseline,1,8192,1,9,3.0,0.0,0.0004,0.0000,0.00
async_cctl,async,target,2,8192,2,9,76283.3,38898.3,4.6560,2.3742,0.47
async_cctl,async,baseline,2,8192,2,9,3.0,0.0,0.0002,0.0000,0.00
async_cctl,async,target,4,8192,4,9,172431.6,87808.0,5.2622,2.6797,0.20
async_cctl,async,baseline,4,8192,4,9,3.0,4.6,0.0001,0.0001,0.00
async_cctl,async,target,8,8192,8,9,303543.0,154678.9,4.6317,2.3602,0.12
async_cctl,async,baseline,8,8192,8,9,3.0,0.0,0.0000,0.0000,0.00
async_cctl,async,target,16,8192,16,9,565658.9,288219.4,4.3156,2.1989,0.06
async_cctl,async,baseline,16,8192,16,9,3.0,4.6,0.0000,0.0000,0.00
async_mbar,async,target,1,8192,1,9,315799.6,160896.0,38.5498,19.6406,0.12
async_mbar,async,baseline,1,8192,1,9,79757.4,40644.6,9.7360,4.9615,0.46
async_mbar,async,target,2,8192,2,9,362422.7,184653.7,22.1205,11.2704,0.11
async_mbar,async,baseline,2,8192,2,9,79755.3,40640.0,4.8679,2.4805,0.45
async_mbar,async,target,4,8192,4,9,493920.7,251675.4,15.0733,7.6805,0.07
async_mbar,async,baseline,4,8192,4,9,79759.6,40649.1,2.4341,1.2405,0.46
async_mbar,async,target,8,8192,8,9,686423.1,349737.1,10.4740,5.3366,0.05
async_mbar,async,baseline,8,8192,8,9,79759.6,40644.6,1.2170,0.6202,0.45
async_mbar,async,target,16,8192,16,9,1130811.0,576219.4,8.6274,4.3962,0.03
async_mbar,async,baseline,16,8192,16,9,79759.4,40653.7,0.6085,0.3102,0.45
async_bar,async,target,1,8192,1,9,169355.6,86285.7,20.6733,10.5329,0.21
async_bar,async,baseline,1,8192,1,9,37.0,22.9,0.0045,0.0028,0.00
async_bar,async,target,2,8192,2,9,333238.7,169778.3,20.3393,10.3624,0.11
async_bar,async,baseline,2,8192,2,9,37.0,13.7,0.0023,0.0008,0.00
async_bar,async,target,4,8192,4,9,660924.9,336804.6,20.1698,10.2785,0.06
async_bar,async,baseline,4,8192,4,9,37.0,18.3,0.0011,0.0006,0.00
async_bar,async,target,8,8192,8,9,1331510.4,678564.6,20.3172,10.3541,0.03
async_bar,async,baseline,8,8192,8,9,37.0,18.3,0.0006,0.0003,0.00
async_bar,async,target,16,8192,16,9,2642235.7,1346441.1,20.1587,10.2725,0.01
async_bar,async,baseline,16,8192,16,9,37.0,32.0,0.0003,0.0002,0.00
async_utccp,async,target,1,8192,1,9,1378469.0,702395.4,168.2701,85.7416,0.00
async_utccp,async,baseline,1,8192,1,9,985242.7,502052.6,120.2689,61.2857,0.00
async_utccp,async,target,2,8192,2,9,1593496.0,811963.4,97.2593,49.5583,0.00
async_utccp,async,baseline,2,8192,2,9,985242.7,502034.3,60.1344,30.6417,0.00
async_utccp,async,target,4,8192,4,9,3112095.3,1585691.4,94.9736,48.3915,0.00
async_utccp,async,baseline,4,8192,4,9,985242.7,502089.1,30.0672,15.3225,0.00
async_utccp,async,target,8,8192,8,9,5638348.0,2873147.4,86.0344,43.8408,0.00
async_utccp,async,baseline,8,8192,8,9,985242.7,502070.9,15.0336,7.6610,0.00
async_utccp,async,target,16,8192,16,9,9776582.0,4981801.1,74.5894,38.0081,0.01
async_utccp,async,baseline,16,8192,16,9,985242.7,502043.4,7.5168,3.8303,0.00
async_ldt,async,target,1,8192,1,9,15081.1,7689.1,1.8410,0.9386,0.02
async_ldt,async,baseline,1,8192,1,9,14702.6,7483.4,1.7947,0.9135,2.33
async_ldt,async,target,2,8192,2,9,16017.4,8164.6,0.9776,0.4983,0.08
async_ldt,async,baseline,2,8192,2,9,14700.6,7492.6,0.8973,0.4573,2.35
async_ldt,async,target,4,8192,4,9,15505.6,7904.0,0.4732,0.2412,0.07
async_ldt,async,baseline,4,8192,4,9,14729.4,7506.3,0.4495,0.2291,2.21
async_ldt,async,target,8,8192,8,9,15505.6,7885.7,0.2366,0.1203,0.07
async_ldt,async,baseline,8,8192,8,9,14729.6,7506.3,0.2248,0.1145,2.35
async_ldt,async,target,16,8192,16,9,15505.6,7908.6,0.1183,0.0603,0.07
async_ldt,async,baseline,16,8192,16,9,14702.6,7492.6,0.1122,0.0572,2.38
async_ldtm,async,target,1,8192,1,9,18147.1,9252.6,2.2152,1.1295,0.02
async_ldtm,async,baseline,1,8192,1,9,14700.0,7497.1,1.7944,0.9152,2.31
async_ldtm,async,target,2,8192,2,9,18062.7,9216.0,1.1025,0.5625,0.06
async_ldtm,async,baseline,2,8192,2,9,14729.3,7520.0,0.8990,0.4590,2.25
async_ldtm,async,target,4,8192,4,9,18063.1,9206.9,0.5512,0.2810,0.07
async_ldtm,async,baseline,4,8192,4,9,14727.6,7510.9,0.4494,0.2292,2.34
async_ldtm,async,target,8,8192,8,9,18064.0,9202.3,0.2756,0.1404,0.08
async_ldtm,async,baseline,8,8192,8,9,14703.4,7497.1,0.2244,0.1144,2.40
async_ldtm,async,target,16,8192,16,9,18072.0,9206.9,0.1379,0.0702,0.00
async_ldtm,async,baseline,16,8192,16,9,14701.3,7497.1,0.1122,0.0572,2.30
async_stt,async,target,1,8192,1,9,103209.7,52598.9,12.5988,6.4208,0.06
async_stt,async,baseline,1,8192,1,9,97130.3,49504.0,11.8567,6.0430,0.35
async_stt,async,target,2,8192,2,9,128693.7,65590.9,7.8548,4.0033,0.06
async_stt,async,baseline,2,8192,2,9,97132.9,49504.0,5.9285,3.0215,0.37
async_stt,async,target,4,8192,4,9,131254.6,66880.0,4.0056,2.0410,0.06
async_stt,async,baseline,4,8192,4,9,97134.1,49494.9,2.9643,1.5105,0.36
async_stt,async,target,8,8192,8,9,164031.0,83606.9,2.5029,1.2757,0.10
async_stt,async,baseline,8,8192,8,9,97131.6,49504.0,1.4821,0.7554,0.36
async_stt,async,target,16,8192,16,9,381108.0,194198.9,2.9076,1.4816,0.24
async_stt,async,baseline,16,8192,16,9,97132.9,49490.3,0.7411,0.3776,0.35
async_sttm,async,target,1,8192,1,9,214343.0,109234.3,26.1649,13.3343,0.10
async_sttm,async,baseline,1,8192,1,9,97160.4,49526.9,11.8604,6.0458,0.36
async_sttm,async,target,2,8192,2,9,494773.0,252155.4,30.1985,15.3903,0.16
async_sttm,async,baseline,2,8192,2,9,97133.4,49504.0,5.9286,3.0215,0.37
async_sttm,async,target,4,8192,4,9,947378.0,482811.4,28.9117,14.7342,0.16
async_sttm,async,baseline,4,8192,4,9,97133.9,49504.0,2.9643,1.5107,0.35
async_sttm,async,target,8,8192,8,9,2517257.0,1282770.3,38.4103,19.5735,0.04
async_sttm,async,baseline,8,8192,8,9,97163.7,49517.7,1.4826,0.7556,0.35
async_sttm,async,target,16,8192,16,9,6852754.0,3492114.3,52.2824,26.6427,0.05
async_sttm,async,baseline,16,8192,16,9,97158.1,49517.7,0.7413,0.3778,0.36
async_utchmma,async,target,1,8192,1,9,1417380.6,769184.0,173.0201,93.8945,0.00
async_utchmma,async,baseline,1,8192,1,9,985242.7,502052.6,120.2689,61.2857,0.00
async_utchmma,async,target,2,8192,2,9,1851568.1,1004813.7,113.0108,61.3290,0.00
async_utchmma,async,baseline,2,8192,2,9,985242.7,502061.7,60.1344,30.6434,0.00
async_utchmma,async,target,4,8192,4,9,2732204.7,1482706.3,83.3803,45.2486,0.00
async_utchmma,async,baseline,4,8192,4,9,985242.7,501984.0,30.0672,15.3193,0.00
async_utchmma,async,target,8,8192,8,9,4522127.0,2454226.3,69.0022,37.4485,0.00
async_utchmma,async,baseline,8,8192,8,9,985242.7,502025.1,15.0336,7.6603,0.00
async_utchmma,async,target,16,8192,16,9,7995535.0,4339396.6,61.0011,33.1070,0.00
async_utchmma,async,baseline,16,8192,16,9,985242.7,502052.6,7.5168,3.8304,0.00
