experiment,x_var,mode,copy_bytes,n_pipe,compute_iters,iters,total_cycles,cycles_per_op,ns_per_op,gbps,spread_pct
bulk_latency,copy_512,copy,512,1,0,5000,336325.0,67.27,34.23,14.957,0.0
bulk_latency,copy_2048,copy,2048,1,0,5000,576325.0,115.27,58.67,34.910,0.0
bulk_latency,copy_8192,copy,8192,1,0,5000,1536325.0,307.26,156.38,52.385,0.0
bulk_latency,copy_32768,copy,32768,1,0,5000,5376325.0,1075.27,547.27,59.875,0.0
bulk_latency,copy_131072,copy,131072,1,0,5000,20736325.0,4147.27,2110.81,62.095,0.0
bulk_latency,reduce_add_512,reduce_add,512,1,0,5000,398843.0,79.77,40.60,12.611,0.0
bulk_latency,reduce_add_2048,reduce_add,2048,1,0,5000,683843.0,136.77,69.61,29.420,0.0
bulk_latency,reduce_add_8192,reduce_add,8192,1,0,5000,1883843.0,376.77,191.76,42.720,0.0
bulk_latency,reduce_add_32768,reduce_add,32768,1,0,5000,6683843.0,1336.77,680.38,48.161,0.0
bulk_latency,reduce_add_131072,reduce_add,131072,1,0,5000,25883843.0,5176.77,2634.90,49.745,0.0
bulk_throughput,copy_p1,copy,32768,1,0,2000,2133681.0,1066.84,542.99,60.347,0.0
bulk_throughput,copy_p2,copy,32768,2,0,2000,4188075.0,1047.02,532.90,61.490,0.0
bulk_throughput,copy_p4,copy,32768,4,0,2000,8288075.0,1036.01,527.31,62.142,0.0
bulk_throughput,copy_p8,copy,32768,8,0,2000,16488086.0,1030.51,524.48,62.477,0.0
bulk_throughput,copy_p16,copy,32768,16,0,2000,32888086.0,1027.75,523.08,62.644,0.0
bulk_throughput,reduce_add_p1,reduce_add,32768,1,0,2000,2660682.0,1330.34,677.07,48.396,0.0
bulk_throughput,reduce_add_p2,reduce_add,32768,2,0,2000,5231091.0,1307.77,665.59,49.232,0.0
bulk_throughput,reduce_add_p4,reduce_add,32768,4,0,2000,10354095.0,1294.26,658.72,49.745,0.0
bulk_throughput,reduce_add_p8,reduce_add,32768,8,0,2000,20602157.0,1287.63,655.35,50.001,0.0
bulk_throughput,reduce_add_p16,reduce_add,32768,16,0,2000,41104145.0,1284.50,653.76,50.122,0.0
bulk_overlap,copy_c100,copy+compute,32768,1,100,2000,4712037.0,2356.02,1199.13,27.327,0.0
bulk_overlap,copy_c500,copy+compute,32768,1,500,2000,25108037.0,12554.02,6389.65,5.128,0.0
bulk_overlap,copy_c1000,copy+compute,32768,1,1000,2000,50108037.0,25054.02,12751.64,2.570,0.0
bulk_overlap,reduce_c100,reduce+compute,32768,1,100,2000,5198037.0,2599.02,1322.81,24.771,0.0
bulk_overlap,reduce_c500,reduce+compute,32768,1,500,2000,23202037.0,11601.02,5904.43,5.550,0.0
bulk_overlap,reduce_c1000,reduce+compute,32768,1,1000,2000,46202037.0,23101.02,11757.52,2.787,0.0
bulk_overlap,compute_c100,compute_only,0,1,100,2000,4668092.0,2334.05,1187.95,0.000,0.0
bulk_overlap,compute_c500,compute_only,0,1,500,2000,23068092.0,11534.05,5870.44,0.000,0.0
bulk_overlap,compute_c1000,compute_only,0,1,1000,2000,46068092.0,23034.05,11723.26,0.000,0.0