experiment,warp_id,cycles,gfma_per_s
single_warp_baseline,0,2300096,21.870
single_warp_baseline,1,2300096,21.870
single_warp_baseline,2,2300096,21.870
single_warp_baseline,3,2300096,21.870
single_warp_baseline,4,2300096,21.870
single_warp_baseline,5,2300096,21.870
single_warp_baseline,6,2300096,21.870
single_warp_baseline,7,2300096,21.870

experiment,warp_a,warp_b,cycles_a,cycles_b,baseline_cycles,contention_ratio,likely_same_subcore
two_warp_sweep,0,1,2300096,2300092,2300096,1.000,no
two_warp_sweep,0,2,2300096,2300088,2300096,1.000,no
two_warp_sweep,0,3,2300096,2300083,2300096,1.000,no
two_warp_sweep,0,4,3000096,3000079,2300096,1.304,yes
two_warp_sweep,0,5,2300096,2300078,2300096,1.000,no
two_warp_sweep,0,6,2300096,2300076,2300096,1.000,no
two_warp_sweep,0,7,2300096,2300074,2300096,1.000,no
two_warp_sweep,1,2,2300096,2300092,2300096,1.000,no
two_warp_sweep,1,3,2300096,2300087,2300096,1.000,no
two_warp_sweep,1,4,2300096,2300084,2300096,1.000,no
two_warp_sweep,1,5,3000096,3000084,2300096,1.304,yes
two_warp_sweep,1,6,2300096,2300080,2300096,1.000,no
two_warp_sweep,1,7,2300096,2300078,2300096,1.000,no
two_warp_sweep,2,3,2300096,2300091,2300096,1.000,no
two_warp_sweep,2,4,2300096,2300088,2300096,1.000,no
two_warp_sweep,2,5,2300096,2300086,2300096,1.000,no
two_warp_sweep,2,6,3000096,3000084,2300096,1.304,yes
two_warp_sweep,2,7,2300096,2300082,2300096,1.000,no
two_warp_sweep,3,4,2300096,2300093,2300096,1.000,no
two_warp_sweep,3,5,2300096,2300091,2300096,1.000,no
two_warp_sweep,3,6,2300096,2300089,2300096,1.000,no
two_warp_sweep,3,7,3000096,3000089,2300096,1.304,yes
two_warp_sweep,4,5,2300096,2300094,2300096,1.000,no
two_warp_sweep,4,6,2300096,2300092,2300096,1.000,no
two_warp_sweep,4,7,2300096,2300090,2300096,1.000,no
two_warp_sweep,5,6,2300096,2300094,2300096,1.000,no
two_warp_sweep,5,7,2300096,2300092,2300096,1.000,no
two_warp_sweep,6,7,2300096,2300094,2300096,1.000,no

experiment,pattern,num_active,warp_mask_hex,cycles_max,gfma_per_s,scaling_vs_1warp
warp_count_scaling,seq_1,1,0x01,2300096,21.870,1.000
warp_count_scaling,seq_2,2,0x03,2300096,43.741,2.000
warp_count_scaling,seq_4,4,0x0f,2300096,87.482,4.000
warp_count_scaling,seq_8,8,0xff,3000096,134.140,6.133
warp_count_scaling,s4_0_4,2,0x11,3000096,33.535,1.533
warp_count_scaling,s4_1_5,2,0x22,3000096,33.535,1.533
warp_count_scaling,s4_2_6,2,0x44,3000096,33.535,1.533
warp_count_scaling,s4_3_7,2,0x88,3000096,33.535,1.533
warp_count_scaling,adj_0_1,2,0x03,2300096,43.741,2.000
warp_count_scaling,adj_0_2,2,0x05,2300096,43.741,2.000
warp_count_scaling,adj_0_3,2,0x09,2300096,43.741,2.000
warp_count_scaling,mix_0145,4,0x33,3000096,67.070,3.067
warp_count_scaling,mix_0246,4,0x55,3000096,67.070,3.067
