experiment,x_var,M,N,k_depth,n_acc,swizzle,iters,total_cycles,cycles_per_gemm,cycles_per_ktile,ns_per_gemm,tflops,spread_pct
fp8_latency_ts,64x64,64,64,1,1,SW32,10000,1730172,173.0,173.02,93.8,2.795,0.0
fp8_latency_ts,64x128,64,128,1,1,SW32,10000,2385169,238.5,238.52,129.3,4.055,0.0
fp8_latency_ts,64x256,64,256,1,1,SW32,10000,3705192,370.5,370.52,200.8,5.221,0.0
fp8_latency_ts,128x128,128,128,1,1,SW32,10000,2385169,238.5,238.52,129.3,8.111,0.0
fp8_latency_ts,128x256,128,256,1,1,SW32,10000,3705192,370.5,370.52,200.8,10.443,0.0
fp8_kdepth_ts,1,64,64,1,1,SW32,1000,173154,173.2,173.15,93.8,2.796,0.0
fp8_kdepth_ts,2,64,64,2,1,SW64,1000,226402,226.4,113.20,122.6,4.275,0.0
fp8_kdepth_ts,4,64,64,4,1,SW128,1000,333654,333.7,83.41,180.8,5.799,0.0
fp8_kdepth_ts,8,64,64,8,1,SW128,1000,551429,551.4,68.93,298.9,7.017,0.0
fp8_kdepth_ts_n128,1,64,128,1,1,SW32,1000,238654,238.7,238.65,129.3,4.055,0.0
fp8_kdepth_ts_n128,2,64,128,2,1,SW64,1000,314152,314.2,157.08,170.2,6.160,0.0
fp8_kdepth_ts_n128,4,64,128,4,1,SW128,1000,421918,421.9,105.48,228.7,9.171,0.0
fp8_throughput_2acc,1,64,64,4,1,SW128,1000,333654,333.7,83.41,180.8,5.799,0.0
fp8_throughput_2acc,2,64,64,4,2,SW128,1000,333654,333.7,83.41,180.8,5.799,0.0
fp8_throughput_2acc,3,64,64,4,3,SW128,1000,333654,333.7,83.41,180.8,5.799,0.0
fp8_throughput_2acc,4,64,64,4,4,SW128,1000,333654,333.7,83.41,180.8,5.799,0.0
f8f6f4_latency_ss,128x64,128,64,1,1,SW32,10000,2407659,240.8,240.77,130.5,4.018,0.0
f8f6f4_latency_ss,128x128,128,128,1,1,SW32,10000,2630159,263.0,263.02,142.6,7.355,0.0
f8f6f4_latency_ss,128x256,128,256,1,1,SW32,10000,3727699,372.8,372.77,202.0,10.380,0.0
f8f6f4_kdepth_ss,1,128,64,1,1,SW32,1000,240892,240.9,240.89,130.5,4.017,0.0
f8f6f4_kdepth_ss,2,128,64,2,1,SW64,1000,229908,229.9,114.95,124.6,8.419,0.0
f8f6f4_kdepth_ss,4,128,64,4,1,SW128,1000,340658,340.7,85.16,184.6,11.360,0.0
mxf8f6f4_latency_ss,128x64,128,64,1,1,SW32,10000,2407722,240.8,240.77,130.5,4.018,0.0
mxf8f6f4_latency_ss,128x128,128,128,1,1,SW32,10000,2627722,262.8,262.77,142.4,7.362,0.0
mxf8f6f4_latency_ss,128x256,128,256,1,1,SW32,10000,3727694,372.8,372.77,202.0,10.379,0.0
mxf8f6f4_kdepth_ss,1,128,64,1,1,SW32,1000,240900,240.9,240.90,130.5,4.017,0.0
mxf8f6f4_kdepth_ss,2,128,64,2,1,SW64,1000,230652,230.7,115.33,125.0,8.391,0.0
mxf8f6f4_kdepth_ss,4,128,64,4,1,SW128,1000,341152,341.2,85.29,184.9,11.344,0.0